date,city,precipitation,day_of_year
2018-01-01,MIA,0.0,1
2018-01-02,MIA,0.24,2
2018-01-03,MIA,0.5,3
2018-01-04,MIA,0.0,4
2018-01-05,MIA,0.0,5
2018-01-06,MIA,0.0,6
2018-01-07,MIA,0.0,7
2018-01-08,MIA,0.01,8
2018-01-09,MIA,0.02,9
2018-01-10,MIA,0.04,10
2018-01-11,MIA,0.0,11
2018-01-12,MIA,0.1,12
2018-01-13,MIA,0.0,13
2018-01-14,MIA,0.0,14
2018-01-15,MIA,0.0,15
2018-01-16,MIA,0.0,16
2018-01-17,MIA,0.0,17
2018-01-18,MIA,0.0,18
2018-01-19,MIA,0.0,19
2018-01-20,MIA,0.0,20
2018-01-21,MIA,0.0,21
2018-01-22,MIA,0.0,22
2018-01-23,MIA,0.0,23
2018-01-24,MIA,0.01,24
2018-01-25,MIA,0.0,25
2018-01-26,MIA,0.0,26
2018-01-27,MIA,0.0,27
2018-01-28,MIA,0.0,28
2018-01-29,MIA,0.09,29
2018-01-30,MIA,0.0,30
2018-01-31,MIA,0.0,31
2018-02-01,MIA,0.0,32
2018-02-02,MIA,0.0,33
2018-02-03,MIA,0.12,34
2018-02-04,MIA,0.0,35
2018-02-05,MIA,0.0,36
2018-02-06,MIA,0.0,37
2018-02-07,MIA,0.0,38
2018-02-08,MIA,0.0,39
2018-02-09,MIA,0.04,40
2018-02-10,MIA,0.0,41
2018-02-11,MIA,0.0,42
2018-02-12,MIA,0.0,43
2018-02-13,MIA,0.0,44
2018-02-14,MIA,0.0,45
2018-02-15,MIA,0.0,46
2018-02-16,MIA,0.0,47
2018-02-17,MIA,0.0,48
2018-02-18,MIA,0.0,49
2018-02-19,MIA,0.1,50
2018-02-20,MIA,0.0,51
2018-02-21,MIA,0.0,52
2018-02-22,MIA,0.01,53
2018-02-23,MIA,0.02,54
2018-02-24,MIA,0.0,55
2018-02-25,MIA,0.0,56
2018-02-26,MIA,0.02,57
2018-02-27,MIA,0.06,58
2018-02-28,MIA,0.0,59
2018-03-01,MIA,0.0,60
2018-03-02,MIA,0.0,61
2018-03-03,MIA,0.0,62
2018-03-04,MIA,0.0,63
2018-03-05,MIA,0.0,64
2018-03-06,MIA,0.0,65
2018-03-07,MIA,0.17,66
2018-03-08,MIA,0.0,67
2018-03-09,MIA,0.0,68
2018-03-10,MIA,0.0,69
2018-03-11,MIA,0.0,70
2018-03-12,MIA,0.02,71
2018-03-13,MIA,0.0,72
2018-03-14,MIA,0.0,73
2018-03-15,MIA,0.0,74
2018-03-16,MIA,0.0,75
2018-03-17,MIA,0.0,76
2018-03-18,MIA,0.0,77
2018-03-19,MIA,0.0,78
2018-03-20,MIA,0.0,79
2018-03-21,MIA,0.0,80
2018-03-22,MIA,0.0,81
2018-03-23,MIA,0.0,82
2018-03-24,MIA,0.0,83
2018-03-25,MIA,0.0,84
2018-03-26,MIA,0.0,85
2018-03-27,MIA,0.0,86
2018-03-28,MIA,0.0,87
2018-03-29,MIA,0.0,88
2018-03-30,MIA,0.0,89
2018-03-31,MIA,0.0,90
2018-04-01,MIA,0.0,91
2018-04-02,MIA,0.0,92
2018-04-03,MIA,0.0,93
2018-04-04,MIA,0.94,94
2018-04-05,MIA,0.08,95
2018-04-06,MIA,0.0,96
2018-04-07,MIA,0.0,97
2018-04-08,MIA,0.04,98
2018-04-09,MIA,0.0,99
2018-04-10,MIA,0.0,100
2018-04-11,MIA,0.0,101
2018-04-12,MIA,0.0,102
2018-04-13,MIA,0.0,103
2018-04-14,MIA,0.0,104
2018-04-15,MIA,0.22,105
2018-04-16,MIA,0.0,106
2018-04-17,MIA,0.0,107
2018-04-18,MIA,0.0,108
2018-04-19,MIA,0.0,109
2018-04-20,MIA,0.0,110
2018-04-21,MIA,0.0,111
2018-04-22,MIA,0.33,112
2018-04-23,MIA,1.61,113
2018-04-24,MIA,0.0,114
2018-04-25,MIA,0.07,115
2018-04-26,MIA,0.0,116
2018-04-27,MIA,0.51,117
2018-04-28,MIA,0.0,118
2018-04-29,MIA,0.0,119
2018-04-30,MIA,0.0,120
2018-05-01,MIA,0.07,121
2018-05-02,MIA,0.22,122
2018-05-03,MIA,0.04,123
2018-05-04,MIA,0.52,124
2018-05-05,MIA,0.11,125
2018-05-06,MIA,0.28,126
2018-05-07,MIA,0.67,127
2018-05-08,MIA,0.0,128
2018-05-09,MIA,0.0,129
2018-05-10,MIA,0.0,130
2018-05-11,MIA,0.0,131
2018-05-12,MIA,0.0,132
2018-05-13,MIA,1.23,133
2018-05-14,MIA,0.59,134
2018-05-15,MIA,0.79,135
2018-05-16,MIA,0.0,136
2018-05-17,MIA,0.81,137
2018-05-18,MIA,0.0,138
2018-05-19,MIA,0.61,139
2018-05-20,MIA,2.5,140
2018-05-21,MIA,0.0,141
2018-05-22,MIA,0.0,142
2018-05-23,MIA,0.0,143
2018-05-24,MIA,0.0,144
2018-05-25,MIA,0.66,145
2018-05-26,MIA,1.61,146
2018-05-27,MIA,1.37,147
2018-05-28,MIA,0.07,148
2018-05-29,MIA,0.84,149
2018-05-30,MIA,0.0,150
2018-05-31,MIA,3.6,151
2018-06-01,MIA,0.0,152
2018-06-02,MIA,0.0,153
2018-06-03,MIA,0.0,154
2018-06-04,MIA,0.0,155
2018-06-05,MIA,0.0,156
2018-06-06,MIA,0.0,157
2018-06-07,MIA,1.36,158
2018-06-08,MIA,0.01,159
2018-06-09,MIA,2.37,160
2018-06-10,MIA,0.01,161
2018-06-11,MIA,0.05,162
2018-06-12,MIA,0.13,163
2018-06-13,MIA,0.0,164
2018-06-14,MIA,1.43,165
2018-06-15,MIA,0.02,166
2018-06-16,MIA,0.02,167
2018-06-17,MIA,0.0,168
2018-06-18,MIA,0.0,169
2018-06-19,MIA,0.0,170
2018-06-20,MIA,0.0,171
2018-06-21,MIA,0.04,172
2018-06-22,MIA,0.43,173
2018-06-23,MIA,0.18,174
2018-06-24,MIA,0.76,175
2018-06-25,MIA,0.0,176
2018-06-26,MIA,0.03,177
2018-06-27,MIA,0.27,178
2018-06-28,MIA,0.14,179
2018-06-29,MIA,0.0,180
2018-06-30,MIA,0.64,181
2018-07-01,MIA,0.06,182
2018-07-02,MIA,0.0,183
2018-07-03,MIA,0.33,184
2018-07-04,MIA,0.06,185
2018-07-05,MIA,0.07,186
2018-07-06,MIA,0.67,187
2018-07-07,MIA,0.72,188
2018-07-08,MIA,0.0,189
2018-07-09,MIA,0.0,190
2018-07-10,MIA,0.45,191
2018-07-11,MIA,0.04,192
2018-07-12,MIA,0.1,193
2018-07-13,MIA,0.1,194
2018-07-14,MIA,0.0,195
2018-07-15,MIA,0.0,196
2018-07-16,MIA,0.0,197
2018-07-17,MIA,0.0,198
2018-07-18,MIA,0.41,199
2018-07-19,MIA,0.07,200
2018-07-20,MIA,0.34,201
2018-07-21,MIA,0.0,202
2018-07-22,MIA,0.05,203
2018-07-23,MIA,0.3,204
2018-07-24,MIA,1.38,205
2018-07-25,MIA,0.0,206
2018-07-26,MIA,0.03,207
2018-07-27,MIA,0.0,208
2018-07-28,MIA,2.15,209
2018-07-29,MIA,0.36,210
2018-07-30,MIA,0.22,211
2018-07-31,MIA,0.11,212
2018-08-01,MIA,0.11,213
2018-08-02,MIA,0.38,214
2018-08-03,MIA,0.31,215
2018-08-04,MIA,0.08,216
2018-08-05,MIA,0.03,217
2018-08-06,MIA,0.12,218
2018-08-07,MIA,0.05,219
2018-08-08,MIA,0.0,220
2018-08-09,MIA,0.72,221
2018-08-10,MIA,1.36,222
2018-08-11,MIA,2.17,223
2018-08-12,MIA,0.26,224
2018-08-13,MIA,0.53,225
2018-08-14,MIA,0.0,226
2018-08-15,MIA,0.0,227
2018-08-16,MIA,0.0,228
2018-08-17,MIA,0.0,229
2018-08-18,MIA,0.72,230
2018-08-19,MIA,0.0,231
2018-08-20,MIA,0.0,232
2018-08-21,MIA,0.0,233
2018-08-22,MIA,0.57,234
2018-08-23,MIA,0.0,235
2018-08-24,MIA,0.81,236
2018-08-25,MIA,0.26,237
2018-08-26,MIA,0.22,238
2018-08-27,MIA,0.54,239
2018-08-28,MIA,0.22,240
2018-08-29,MIA,0.03,241
2018-08-30,MIA,0.09,242
2018-08-31,MIA,0.0,243
2018-09-01,MIA,0.56,244
2018-09-02,MIA,0.25,245
2018-09-03,MIA,2.53,246
2018-09-04,MIA,0.06,247
2018-09-05,MIA,0.01,248
2018-09-06,MIA,0.05,249
2018-09-07,MIA,0.28,250
2018-09-08,MIA,0.13,251
2018-09-09,MIA,1.01,252
2018-09-10,MIA,0.0,253
2018-09-11,MIA,0.0,254
2018-09-12,MIA,0.0,255
2018-09-13,MIA,0.0,256
2018-09-14,MIA,0.0,257
2018-09-15,MIA,2.02,258
2018-09-16,MIA,0.0,259
2018-09-17,MIA,0.0,260
2018-09-18,MIA,0.06,261
2018-09-19,MIA,0.0,262
2018-09-20,MIA,0.0,263
2018-09-21,MIA,0.55,264
2018-09-22,MIA,0.04,265
2018-09-23,MIA,0.0,266
2018-09-24,MIA,0.05,267
2018-09-25,MIA,0.0,268
2018-09-26,MIA,0.0,269
2018-09-27,MIA,0.0,270
2018-09-28,MIA,0.02,271
2018-09-29,MIA,0.17,272
2018-09-30,MIA,0.1,273
2018-10-01,MIA,0.0,274
2018-10-02,MIA,0.33,275
2018-10-03,MIA,0.12,276
2018-10-04,MIA,0.76,277
2018-10-05,MIA,0.01,278
2018-10-06,MIA,0.0,279
2018-10-07,MIA,0.01,280
2018-10-08,MIA,0.0,281
2018-10-09,MIA,0.0,282
2018-10-10,MIA,0.0,283
2018-10-11,MIA,0.0,284
2018-10-12,MIA,0.0,285
2018-10-13,MIA,0.0,286
2018-10-14,MIA,0.2,287
2018-10-15,MIA,0.04,288
2018-10-16,MIA,0.0,289
2018-10-17,MIA,0.19,290
2018-10-18,MIA,0.0,291
2018-10-19,MIA,0.08,292
2018-10-20,MIA,0.0,293
2018-10-21,MIA,0.0,294
2018-10-22,MIA,0.02,295
2018-10-23,MIA,0.0,296
2018-10-24,MIA,0.0,297
2018-10-25,MIA,0.0,298
2018-10-26,MIA,0.0,299
2018-10-27,MIA,0.0,300
2018-10-28,MIA,0.0,301
2018-10-29,MIA,0.0,302
2018-10-30,MIA,0.0,303
2018-10-31,MIA,0.0,304
2018-11-01,MIA,0.0,305
2018-11-02,MIA,0.05,306
2018-11-03,MIA,1.37,307
2018-11-04,MIA,0.36,308
2018-11-05,MIA,0.0,309
2018-11-06,MIA,0.0,310
2018-11-07,MIA,0.0,311
2018-11-08,MIA,0.0,312
2018-11-09,MIA,0.0,313
2018-11-10,MIA,0.0,314
2018-11-11,MIA,0.62,315
2018-11-12,MIA,0.23,316
2018-11-13,MIA,0.04,317
2018-11-14,MIA,0.0,318
2018-11-15,MIA,0.09,319
2018-11-16,MIA,0.0,320
2018-11-17,MIA,0.0,321
2018-11-18,MIA,0.0,322
2018-11-19,MIA,0.0,323
2018-11-20,MIA,0.0,324
2018-11-21,MIA,0.0,325
2018-11-22,MIA,0.0,326
2018-11-23,MIA,0.01,327
2018-11-24,MIA,0.0,328
2018-11-25,MIA,0.0,329
2018-11-26,MIA,0.0,330
2018-11-27,MIA,0.0,331
2018-11-28,MIA,0.0,332
2018-11-29,MIA,0.0,333
2018-11-30,MIA,0.0,334
2018-12-01,MIA,0.0,335
2018-12-02,MIA,0.0,336
2018-12-03,MIA,0.0,337
2018-12-04,MIA,0.0,338
2018-12-05,MIA,0.0,339
2018-12-06,MIA,0.0,340
2018-12-07,MIA,0.0,341
2018-12-08,MIA,0.0,342
2018-12-09,MIA,0.01,343
2018-12-10,MIA,0.0,344
2018-12-11,MIA,0.0,345
2018-12-12,MIA,0.0,346
2018-12-13,MIA,0.0,347
2018-12-14,MIA,0.0,348
2018-12-15,MIA,0.59,349
2018-12-16,MIA,0.0,350
2018-12-17,MIA,0.0,351
2018-12-18,MIA,0.0,352
2018-12-19,MIA,0.0,353
2018-12-20,MIA,0.96,354
2018-12-21,MIA,0.0,355
2018-12-22,MIA,0.0,356
2018-12-23,MIA,0.0,357
2018-12-24,MIA,0.0,358
2018-12-25,MIA,0.0,359
2018-12-26,MIA,0.01,360
2018-12-27,MIA,0.0,361
2018-12-28,MIA,0.01,362
2018-12-29,MIA,0.0,363
2018-12-30,MIA,0.0,364
2018-12-31,MIA,0.0,365
2019-01-01,MIA,0.0,1
2019-01-02,MIA,0.0,2
2019-01-03,MIA,0.0,3
2019-01-04,MIA,0.0,4
2019-01-05,MIA,0.01,5
2019-01-06,MIA,0.0,6
2019-01-07,MIA,0.0,7
2019-01-08,MIA,0.0,8
2019-01-09,MIA,0.0,9
2019-01-10,MIA,0.0,10
2019-01-11,MIA,0.0,11
2019-01-12,MIA,0.06,12
2019-01-13,MIA,0.0,13
2019-01-14,MIA,0.0,14
2019-01-15,MIA,0.0,15
2019-01-16,MIA,0.0,16
2019-01-17,MIA,0.0,17
2019-01-18,MIA,0.0,18
2019-01-19,MIA,0.0,19
2019-01-20,MIA,0.18,20
2019-01-21,MIA,0.0,21
2019-01-22,MIA,0.0,22
2019-01-23,MIA,0.0,23
2019-01-24,MIA,0.16,24
2019-01-25,MIA,0.0,25
2019-01-26,MIA,0.79,26
2019-01-27,MIA,0.73,27
2019-01-28,MIA,0.06,28
2019-01-29,MIA,0.0,29
2019-01-30,MIA,0.0,30
2019-01-31,MIA,0.01,31
2019-02-01,MIA,0.0,32
2019-02-02,MIA,0.0,33
2019-02-03,MIA,0.0,34
2019-02-04,MIA,0.0,35
2019-02-05,MIA,0.0,36
2019-02-06,MIA,0.0,37
2019-02-07,MIA,0.0,38
2019-02-08,MIA,0.0,39
2019-02-09,MIA,0.17,40
2019-02-10,MIA,0.0,41
2019-02-11,MIA,0.06,42
2019-02-12,MIA,0.0,43
2019-02-13,MIA,0.76,44
2019-02-14,MIA,0.0,45
2019-02-15,MIA,0.0,46
2019-02-16,MIA,0.0,47
2019-02-17,MIA,0.0,48
2019-02-18,MIA,0.0,49
2019-02-19,MIA,0.35,50
2019-02-20,MIA,0.01,51
2019-02-21,MIA,0.0,52
2019-02-22,MIA,0.0,53
2019-02-23,MIA,0.0,54
2019-02-24,MIA,0.0,55
2019-02-25,MIA,0.0,56
2019-02-26,MIA,0.0,57
2019-02-27,MIA,0.18,58
2019-02-28,MIA,0.0,59
2019-03-01,MIA,0.0,60
2019-03-02,MIA,0.0,61
2019-03-03,MIA,0.01,62
2019-03-04,MIA,0.0,63
2019-03-05,MIA,0.0,64
2019-03-06,MIA,0.0,65
2019-03-07,MIA,0.0,66
2019-03-08,MIA,0.0,67
2019-03-09,MIA,0.0,68
2019-03-10,MIA,0.0,69
2019-03-11,MIA,0.0,70
2019-03-12,MIA,0.0,71
2019-03-13,MIA,0.0,72
2019-03-14,MIA,0.0,73
2019-03-15,MIA,0.0,74
2019-03-16,MIA,0.09,75
2019-03-17,MIA,0.12,76
2019-03-18,MIA,0.01,77
2019-03-19,MIA,1.02,78
2019-03-20,MIA,0.01,79
2019-03-21,MIA,0.0,80
2019-03-22,MIA,0.0,81
2019-03-23,MIA,0.0,82
2019-03-24,MIA,0.0,83
2019-03-25,MIA,0.42,84
2019-03-26,MIA,0.0,85
2019-03-27,MIA,0.0,86
2019-03-28,MIA,0.13,87
2019-03-29,MIA,0.1,88
2019-03-30,MIA,0.0,89
2019-03-31,MIA,0.0,90
2019-04-01,MIA,0.0,91
2019-04-02,MIA,0.0,92
2019-04-03,MIA,0.0,93
2019-04-04,MIA,1.59,94
2019-04-05,MIA,0.0,95
2019-04-06,MIA,0.0,96
2019-04-07,MIA,0.0,97
2019-04-08,MIA,0.0,98
2019-04-09,MIA,0.43,99
2019-04-10,MIA,0.0,100
2019-04-11,MIA,0.0,101
2019-04-12,MIA,0.0,102
2019-04-13,MIA,0.0,103
2019-04-14,MIA,0.0,104
2019-04-15,MIA,0.0,105
2019-04-16,MIA,0.0,106
2019-04-17,MIA,0.0,107
2019-04-18,MIA,0.02,108
2019-04-19,MIA,1.0,109
2019-04-20,MIA,0.0,110
2019-04-21,MIA,0.0,111
2019-04-22,MIA,0.0,112
2019-04-23,MIA,0.0,113
2019-04-24,MIA,0.0,114
2019-04-25,MIA,0.0,115
2019-04-26,MIA,0.0,116
2019-04-27,MIA,0.0,117
2019-04-28,MIA,0.0,118
2019-04-29,MIA,0.0,119
2019-04-30,MIA,0.12,120
2019-05-01,MIA,0.13,121
2019-05-02,MIA,0.14,122
2019-05-03,MIA,0.14,123
2019-05-04,MIA,0.0,124
2019-05-05,MIA,1.31,125
2019-05-06,MIA,0.87,126
2019-05-07,MIA,1.01,127
2019-05-08,MIA,0.0,128
2019-05-09,MIA,0.17,129
2019-05-10,MIA,0.02,130
2019-05-11,MIA,0.0,131
2019-05-12,MIA,0.59,132
2019-05-13,MIA,0.2,133
2019-05-14,MIA,0.0,134
2019-05-15,MIA,0.0,135
2019-05-16,MIA,0.01,136
2019-05-17,MIA,0.0,137
2019-05-18,MIA,0.0,138
2019-05-19,MIA,0.0,139
2019-05-20,MIA,0.01,140
2019-05-21,MIA,0.0,141
2019-05-22,MIA,0.01,142
2019-05-23,MIA,0.0,143
2019-05-24,MIA,0.0,144
2019-05-25,MIA,0.0,145
2019-05-26,MIA,0.0,146
2019-05-27,MIA,0.0,147
2019-05-28,MIA,0.0,148
2019-05-29,MIA,0.0,149
2019-05-30,MIA,0.0,150
2019-05-31,MIA,0.0,151
2019-06-01,MIA,0.0,152
2019-06-02,MIA,0.0,153
2019-06-03,MIA,0.0,154
2019-06-04,MIA,0.07,155
2019-06-05,MIA,0.0,156
2019-06-06,MIA,0.8,157
2019-06-07,MIA,1.55,158
2019-06-08,MIA,2.33,159
2019-06-09,MIA,0.57,160
2019-06-10,MIA,0.34,161
2019-06-11,MIA,0.01,162
2019-06-12,MIA,0.03,163
2019-06-13,MIA,0.01,164
2019-06-14,MIA,0.69,165
2019-06-15,MIA,0.15,166
2019-06-16,MIA,2.43,167
2019-06-17,MIA,0.61,168
2019-06-18,MIA,0.72,169
2019-06-19,MIA,0.0,170
2019-06-20,MIA,0.0,171
2019-06-21,MIA,0.0,172
2019-06-22,MIA,0.0,173
2019-06-23,MIA,0.0,174
2019-06-24,MIA,0.01,175
2019-06-25,MIA,0.0,176
2019-06-26,MIA,0.0,177
2019-06-27,MIA,0.0,178
2019-06-28,MIA,1.33,179
2019-06-29,MIA,0.78,180
2019-06-30,MIA,0.0,181
2019-07-01,MIA,0.72,182
2019-07-02,MIA,0.0,183
2019-07-03,MIA,1.47,184
2019-07-04,MIA,0.0,185
2019-07-05,MIA,0.0,186
2019-07-06,MIA,0.69,187
2019-07-07,MIA,0.08,188
2019-07-08,MIA,1.89,189
2019-07-09,MIA,0.0,190
2019-07-10,MIA,0.0,191
2019-07-11,MIA,0.28,192
2019-07-12,MIA,0.41,193
2019-07-13,MIA,0.0,194
2019-07-14,MIA,0.0,195
2019-07-15,MIA,0.01,196
2019-07-16,MIA,0.0,197
2019-07-17,MIA,0.0,198
2019-07-18,MIA,0.0,199
2019-07-19,MIA,0.27,200
2019-07-20,MIA,0.09,201
2019-07-21,MIA,0.0,202
2019-07-22,MIA,0.0,203
2019-07-23,MIA,0.28,204
2019-07-24,MIA,0.0,205
2019-07-25,MIA,1.59,206
2019-07-26,MIA,1.7,207
2019-07-27,MIA,0.0,208
2019-07-28,MIA,0.0,209
2019-07-29,MIA,1.03,210
2019-07-30,MIA,0.0,211
2019-07-31,MIA,0.03,212
2019-08-01,MIA,0.15,213
2019-08-02,MIA,0.47,214
2019-08-03,MIA,2.53,215
2019-08-04,MIA,0.24,216
2019-08-05,MIA,0.03,217
2019-08-06,MIA,0.88,218
2019-08-07,MIA,1.11,219
2019-08-08,MIA,3.1,220
2019-08-09,MIA,0.99,221
2019-08-10,MIA,0.0,222
2019-08-11,MIA,0.29,223
2019-08-12,MIA,0.03,224
2019-08-13,MIA,2.39,225
2019-08-14,MIA,0.28,226
2019-08-15,MIA,0.34,227
2019-08-16,MIA,0.14,228
2019-08-17,MIA,0.0,229
2019-08-18,MIA,0.0,230
2019-08-19,MIA,0.51,231
2019-08-20,MIA,0.03,232
2019-08-21,MIA,0.01,233
2019-08-22,MIA,0.56,234
2019-08-23,MIA,0.07,235
2019-08-24,MIA,0.17,236
2019-08-25,MIA,0.25,237
2019-08-26,MIA,0.0,238
2019-08-27,MIA,0.0,239
2019-08-28,MIA,0.0,240
2019-08-29,MIA,0.06,241
2019-08-30,MIA,0.73,242
2019-08-31,MIA,0.38,243
2019-09-01,MIA,0.46,244
2019-09-02,MIA,0.68,245
2019-09-03,MIA,0.0,246
2019-09-04,MIA,0.0,247
2019-09-05,MIA,0.0,248
2019-09-06,MIA,0.0,249
2019-09-07,MIA,0.0,250
2019-09-08,MIA,0.0,251
2019-09-09,MIA,0.01,252
2019-09-10,MIA,0.0,253
2019-09-11,MIA,0.0,254
2019-09-12,MIA,0.6,255
2019-09-13,MIA,0.3,256
2019-09-14,MIA,0.27,257
2019-09-15,MIA,0.0,258
2019-09-16,MIA,0.07,259
2019-09-17,MIA,0.0,260
2019-09-18,MIA,0.0,261
2019-09-19,MIA,0.11,262
2019-09-20,MIA,0.12,263
2019-09-21,MIA,0.62,264
2019-09-22,MIA,0.0,265
2019-09-23,MIA,0.0,266
2019-09-24,MIA,0.0,267
2019-09-25,MIA,0.0,268
2019-09-26,MIA,0.0,269
2019-09-27,MIA,0.0,270
2019-09-28,MIA,0.0,271
2019-09-29,MIA,0.0,272
2019-09-30,MIA,0.01,273
2019-10-01,MIA,0.02,274
2019-10-02,MIA,0.45,275
2019-10-03,MIA,0.03,276
2019-10-04,MIA,0.0,277
2019-10-05,MIA,0.0,278
2019-10-06,MIA,0.12,279
2019-10-07,MIA,0.69,280
2019-10-08,MIA,0.45,281
2019-10-09,MIA,0.08,282
2019-10-10,MIA,0.07,283
2019-10-11,MIA,0.95,284
2019-10-12,MIA,0.24,285
2019-10-13,MIA,0.02,286
2019-10-14,MIA,0.0,287
2019-10-15,MIA,0.0,288
2019-10-16,MIA,0.0,289
2019-10-17,MIA,0.05,290
2019-10-18,MIA,0.0,291
2019-10-19,MIA,0.14,292
2019-10-20,MIA,0.32,293
2019-10-21,MIA,0.0,294
2019-10-22,MIA,0.0,295
2019-10-23,MIA,0.0,296
2019-10-24,MIA,0.07,297
2019-10-25,MIA,0.03,298
2019-10-26,MIA,0.19,299
2019-10-27,MIA,0.0,300
2019-10-28,MIA,0.0,301
2019-10-29,MIA,0.01,302
2019-10-30,MIA,0.0,303
2019-10-31,MIA,0.0,304
2019-11-01,MIA,0.01,305
2019-11-02,MIA,0.0,306
2019-11-03,MIA,0.23,307
2019-11-04,MIA,0.07,308
2019-11-05,MIA,0.0,309
2019-11-06,MIA,0.03,310
2019-11-07,MIA,0.0,311
2019-11-08,MIA,0.0,312
2019-11-09,MIA,0.02,313
2019-11-10,MIA,0.0,314
2019-11-11,MIA,0.01,315
2019-11-12,MIA,0.0,316
2019-11-13,MIA,0.46,317
2019-11-14,MIA,0.51,318
2019-11-15,MIA,0.12,319
2019-11-16,MIA,0.0,320
2019-11-17,MIA,0.0,321
2019-11-18,MIA,0.0,322
2019-11-19,MIA,0.0,323
2019-11-20,MIA,0.0,324
2019-11-21,MIA,0.0,325
2019-11-22,MIA,0.0,326
2019-11-23,MIA,0.0,327
2019-11-24,MIA,0.16,328
2019-11-25,MIA,0.0,329
2019-11-26,MIA,0.0,330
2019-11-27,MIA,0.0,331
2019-11-28,MIA,0.0,332
2019-11-29,MIA,0.0,333
2019-11-30,MIA,0.0,334
2019-12-01,MIA,0.0,335
2019-12-02,MIA,0.13,336
2019-12-03,MIA,0.0,337
2019-12-04,MIA,0.0,338
2019-12-05,MIA,0.0,339
2019-12-06,MIA,0.0,340
2019-12-07,MIA,0.0,341
2019-12-08,MIA,0.0,342
2019-12-09,MIA,0.01,343
2019-12-10,MIA,0.0,344
2019-12-11,MIA,0.47,345
2019-12-12,MIA,0.46,346
2019-12-13,MIA,0.01,347
2019-12-14,MIA,0.0,348
2019-12-15,MIA,0.0,349
2019-12-16,MIA,0.01,350
2019-12-17,MIA,0.0,351
2019-12-18,MIA,0.07,352
2019-12-19,MIA,0.25,353
2019-12-20,MIA,0.02,354
2019-12-21,MIA,0.42,355
2019-12-22,MIA,0.54,356
2019-12-23,MIA,2.6,357
2019-12-24,MIA,0.0,358
2019-12-25,MIA,0.01,359
2019-12-26,MIA,0.09,360
2019-12-27,MIA,0.11,361
2019-12-28,MIA,0.42,362
2019-12-29,MIA,0.8,363
2019-12-30,MIA,0.01,364
2019-12-31,MIA,0.0,365
2020-01-01,MIA,0.0,1
2020-01-02,MIA,0.0,2
2020-01-03,MIA,0.0,3
2020-01-04,MIA,0.06,4
2020-01-05,MIA,0.0,5
2020-01-06,MIA,0.0,6
2020-01-07,MIA,0.0,7
2020-01-08,MIA,0.0,8
2020-01-09,MIA,0.0,9
2020-01-10,MIA,0.0,10
2020-01-11,MIA,0.02,11
2020-01-12,MIA,0.0,12
2020-01-13,MIA,0.0,13
2020-01-14,MIA,0.02,14
2020-01-15,MIA,0.0,15
2020-01-16,MIA,0.0,16
2020-01-17,MIA,0.12,17
2020-01-18,MIA,0.0,18
2020-01-19,MIA,0.0,19
2020-01-20,MIA,0.0,20
2020-01-21,MIA,0.0,21
2020-01-22,MIA,0.0,22
2020-01-23,MIA,0.31,23
2020-01-24,MIA,0.0,24
2020-01-25,MIA,0.0,25
2020-01-26,MIA,0.0,26
2020-01-27,MIA,0.0,27
2020-01-28,MIA,0.0,28
2020-01-29,MIA,0.0,29
2020-01-30,MIA,1.08,30
2020-01-31,MIA,0.42,31
2020-02-01,MIA,1.23,32
2020-02-02,MIA,0.0,33
2020-02-03,MIA,0.0,34
2020-02-04,MIA,0.0,35
2020-02-05,MIA,0.0,36
2020-02-06,MIA,0.0,37
2020-02-07,MIA,0.38,38
2020-02-08,MIA,0.0,39
2020-02-09,MIA,0.0,40
2020-02-10,MIA,0.0,41
2020-02-11,MIA,0.0,42
2020-02-12,MIA,0.0,43
2020-02-13,MIA,0.0,44
2020-02-14,MIA,0.02,45
2020-02-15,MIA,0.56,46
2020-02-16,MIA,0.32,47
2020-02-17,MIA,0.0,48
2020-02-18,MIA,0.0,49
2020-02-19,MIA,0.0,50
2020-02-20,MIA,0.01,51
2020-02-21,MIA,0.0,52
2020-02-22,MIA,0.04,53
2020-02-23,MIA,0.0,54
2020-02-24,MIA,0.0,55
2020-02-25,MIA,0.0,56
2020-02-26,MIA,0.34,57
2020-02-27,MIA,0.0,58
2020-02-28,MIA,0.0,59
2020-02-29,MIA,0.0,60
2020-03-01,MIA,0.0,61
2020-03-02,MIA,0.0,62
2020-03-03,MIA,0.0,63
2020-03-04,MIA,0.0,64
2020-03-05,MIA,0.0,65
2020-03-06,MIA,0.09,66
2020-03-07,MIA,0.0,67
2020-03-08,MIA,0.0,68
2020-03-09,MIA,0.0,69
2020-03-10,MIA,0.0,70
2020-03-11,MIA,0.0,71
2020-03-12,MIA,0.0,72
2020-03-13,MIA,0.0,73
2020-03-14,MIA,0.0,74
2020-03-15,MIA,0.0,75
2020-03-16,MIA,0.0,76
2020-03-17,MIA,0.0,77
2020-03-18,MIA,0.0,78
2020-03-19,MIA,0.0,79
2020-03-20,MIA,0.0,80
2020-03-21,MIA,0.0,81
2020-03-22,MIA,0.0,82
2020-03-23,MIA,0.01,83
2020-03-24,MIA,0.0,84
2020-03-25,MIA,0.0,85
2020-03-26,MIA,0.0,86
2020-03-27,MIA,0.0,87
2020-03-28,MIA,0.0,88
2020-03-29,MIA,0.0,89
2020-03-30,MIA,0.0,90
2020-03-31,MIA,0.0,91
2020-04-01,MIA,0.12,92
2020-04-02,MIA,0.0,93
2020-04-03,MIA,0.0,94
2020-04-04,MIA,0.0,95
2020-04-05,MIA,0.0,96
2020-04-06,MIA,0.0,97
2020-04-07,MIA,0.0,98
2020-04-08,MIA,0.0,99
2020-04-09,MIA,0.0,100
2020-04-10,MIA,0.0,101
2020-04-11,MIA,1.38,102
2020-04-12,MIA,0.0,103
2020-04-13,MIA,0.0,104
2020-04-14,MIA,0.0,105
2020-04-15,MIA,0.0,106
2020-04-16,MIA,0.0,107
2020-04-17,MIA,0.0,108
2020-04-18,MIA,0.0,109
2020-04-19,MIA,0.0,110
2020-04-20,MIA,0.0,111
2020-04-21,MIA,0.0,112
2020-04-22,MIA,0.0,113
2020-04-23,MIA,0.0,114
2020-04-24,MIA,0.0,115
2020-04-25,MIA,0.02,116
2020-04-26,MIA,1.37,117
2020-04-27,MIA,0.0,118
2020-04-28,MIA,0.0,119
2020-04-29,MIA,0.0,120
2020-04-30,MIA,0.97,121
2020-05-01,MIA,0.0,122
2020-05-02,MIA,0.0,123
2020-05-03,MIA,0.0,124
2020-05-04,MIA,0.0,125
2020-05-05,MIA,0.0,126
2020-05-06,MIA,0.0,127
2020-05-07,MIA,0.0,128
2020-05-08,MIA,0.0,129
2020-05-09,MIA,0.0,130
2020-05-10,MIA,0.26,131
2020-05-11,MIA,0.0,132
2020-05-12,MIA,0.0,133
2020-05-13,MIA,0.0,134
2020-05-14,MIA,0.07,135
2020-05-15,MIA,1.7,136
2020-05-16,MIA,0.0,137
2020-05-17,MIA,0.21,138
2020-05-18,MIA,1.48,139
2020-05-19,MIA,0.2,140
2020-05-20,MIA,0.0,141
2020-05-21,MIA,0.0,142
2020-05-22,MIA,0.13,143
2020-05-23,MIA,0.16,144
2020-05-24,MIA,3.83,145
2020-05-25,MIA,3.44,146
2020-05-26,MIA,7.4,147
2020-05-27,MIA,0.01,148
2020-05-28,MIA,0.0,149
2020-05-29,MIA,0.0,150
2020-05-30,MIA,0.0,151
2020-05-31,MIA,0.0,152
2020-06-01,MIA,0.0,153
2020-06-02,MIA,0.29,154
2020-06-03,MIA,1.35,155
2020-06-04,MIA,1.77,156
2020-06-05,MIA,0.0,157
2020-06-06,MIA,0.0,158
2020-06-07,MIA,0.0,159
2020-06-08,MIA,0.15,160
2020-06-09,MIA,0.0,161
2020-06-10,MIA,0.0,162
2020-06-11,MIA,0.21,163
2020-06-12,MIA,0.01,164
2020-06-13,MIA,0.01,165
2020-06-14,MIA,0.17,166
2020-06-15,MIA,0.84,167
2020-06-16,MIA,0.0,168
2020-06-17,MIA,0.57,169
2020-06-18,MIA,0.73,170
2020-06-19,MIA,1.0,171
2020-06-20,MIA,0.0,172
2020-06-21,MIA,0.01,173
2020-06-22,MIA,0.0,174
2020-06-23,MIA,0.0,175
2020-06-24,MIA,0.0,176
2020-06-25,MIA,0.0,177
2020-06-26,MIA,0.0,178
2020-06-27,MIA,0.0,179
2020-06-28,MIA,0.0,180
2020-06-29,MIA,0.0,181
2020-06-30,MIA,0.0,182
2020-07-01,MIA,1.15,183
2020-07-02,MIA,0.0,184
2020-07-03,MIA,0.22,185
2020-07-04,MIA,0.0,186
2020-07-05,MIA,0.05,187
2020-07-06,MIA,0.41,188
2020-07-07,MIA,0.0,189
2020-07-08,MIA,0.44,190
2020-07-09,MIA,0.0,191
2020-07-10,MIA,0.35,192
2020-07-11,MIA,0.94,193
2020-07-12,MIA,0.0,194
2020-07-13,MIA,0.03,195
2020-07-14,MIA,0.13,196
2020-07-15,MIA,0.0,197
2020-07-16,MIA,0.05,198
2020-07-17,MIA,1.27,199
2020-07-18,MIA,1.37,200
2020-07-19,MIA,0.06,201
2020-07-20,MIA,0.01,202
2020-07-21,MIA,0.44,203
2020-07-22,MIA,1.77,204
2020-07-23,MIA,0.37,205
2020-07-24,MIA,0.08,206
2020-07-25,MIA,0.86,207
2020-07-26,MIA,0.26,208
2020-07-27,MIA,0.0,209
2020-07-28,MIA,0.0,210
2020-07-29,MIA,0.0,211
2020-07-30,MIA,0.0,212
2020-07-31,MIA,0.0,213
2020-08-01,MIA,0.89,214
2020-08-02,MIA,1.42,215
2020-08-03,MIA,0.33,216
2020-08-04,MIA,0.07,217
2020-08-05,MIA,0.27,218
2020-08-06,MIA,0.27,219
2020-08-07,MIA,0.0,220
2020-08-08,MIA,0.02,221
2020-08-09,MIA,0.0,222
2020-08-10,MIA,0.0,223
2020-08-11,MIA,0.01,224
2020-08-12,MIA,0.58,225
2020-08-13,MIA,0.15,226
2020-08-14,MIA,0.0,227
2020-08-15,MIA,0.46,228
2020-08-16,MIA,0.01,229
2020-08-17,MIA,0.0,230
2020-08-18,MIA,0.0,231
2020-08-19,MIA,0.37,232
2020-08-20,MIA,0.54,233
2020-08-21,MIA,0.0,234
2020-08-22,MIA,0.37,235
2020-08-23,MIA,0.19,236
2020-08-24,MIA,0.18,237
2020-08-25,MIA,0.11,238
2020-08-26,MIA,0.05,239
2020-08-27,MIA,0.0,240
2020-08-28,MIA,0.0,241
2020-08-29,MIA,0.6,242
2020-08-30,MIA,0.07,243
2020-08-31,MIA,0.48,244
2020-09-01,MIA,0.0,245
2020-09-02,MIA,0.0,246
2020-09-03,MIA,0.0,247
2020-09-04,MIA,0.0,248
2020-09-05,MIA,0.0,249
2020-09-06,MIA,0.28,250
2020-09-07,MIA,0.5,251
2020-09-08,MIA,0.1,252
2020-09-09,MIA,0.79,253
2020-09-10,MIA,0.23,254
2020-09-11,MIA,0.02,255
2020-09-12,MIA,1.75,256
2020-09-13,MIA,1.58,257
2020-09-14,MIA,0.0,258
2020-09-15,MIA,0.0,259
2020-09-16,MIA,0.01,260
2020-09-17,MIA,0.01,261
2020-09-18,MIA,0.0,262
2020-09-19,MIA,0.0,263
2020-09-20,MIA,0.0,264
2020-09-21,MIA,1.16,265
2020-09-22,MIA,0.0,266
2020-09-23,MIA,0.0,267
2020-09-24,MIA,2.07,268
2020-09-25,MIA,0.22,269
2020-09-26,MIA,1.89,270
2020-09-27,MIA,0.07,271
2020-09-28,MIA,0.24,272
2020-09-29,MIA,0.0,273
2020-09-30,MIA,0.0,274
2020-10-01,MIA,0.32,275
2020-10-02,MIA,2.21,276
2020-10-03,MIA,0.33,277
2020-10-04,MIA,0.0,278
2020-10-05,MIA,0.04,279
2020-10-06,MIA,0.08,280
2020-10-07,MIA,0.0,281
2020-10-08,MIA,0.0,282
2020-10-09,MIA,0.07,283
2020-10-10,MIA,0.04,284
2020-10-11,MIA,0.0,285
2020-10-12,MIA,0.01,286
2020-10-13,MIA,0.0,287
2020-10-14,MIA,0.26,288
2020-10-15,MIA,0.04,289
2020-10-16,MIA,1.32,290
2020-10-17,MIA,0.01,291
2020-10-18,MIA,0.0,292
2020-10-19,MIA,0.43,293
2020-10-20,MIA,1.31,294
2020-10-21,MIA,2.49,295
2020-10-22,MIA,0.27,296
2020-10-23,MIA,0.0,297
2020-10-24,MIA,0.92,298
2020-10-25,MIA,0.71,299
2020-10-26,MIA,0.0,300
2020-10-27,MIA,0.0,301
2020-10-28,MIA,0.0,302
2020-10-29,MIA,0.01,303
2020-10-30,MIA,0.6,304
2020-10-31,MIA,0.39,305
2020-11-01,MIA,0.06,306
2020-11-02,MIA,0.0,307
2020-11-03,MIA,0.0,308
2020-11-04,MIA,0.0,309
2020-11-05,MIA,0.68,310
2020-11-06,MIA,0.11,311
2020-11-07,MIA,0.57,312
2020-11-08,MIA,2.83,313
2020-11-09,MIA,2.57,314
2020-11-10,MIA,0.04,315
2020-11-11,MIA,0.22,316
2020-11-12,MIA,1.32,317
2020-11-13,MIA,0.0,318
2020-11-14,MIA,0.06,319
2020-11-15,MIA,0.03,320
2020-11-16,MIA,0.0,321
2020-11-17,MIA,0.0,322
2020-11-18,MIA,0.0,323
2020-11-19,MIA,0.0,324
2020-11-20,MIA,0.16,325
2020-11-21,MIA,0.44,326
2020-11-22,MIA,0.27,327
2020-11-23,MIA,0.0,328
2020-11-24,MIA,0.0,329
2020-11-25,MIA,0.03,330
2020-11-26,MIA,0.0,331
2020-11-27,MIA,0.06,332
2020-11-28,MIA,0.04,333
2020-11-29,MIA,0.0,334
2020-11-30,MIA,0.11,335
2020-12-01,MIA,0.01,336
2020-12-02,MIA,0.0,337
2020-12-03,MIA,0.0,338
2020-12-04,MIA,0.0,339
2020-12-05,MIA,0.0,340
2020-12-06,MIA,0.0,341
2020-12-07,MIA,1.0,342
2020-12-08,MIA,0.0,343
2020-12-09,MIA,0.0,344
2020-12-10,MIA,0.0,345
2020-12-11,MIA,0.14,346
2020-12-12,MIA,0.35,347
2020-12-13,MIA,0.0,348
2020-12-14,MIA,0.0,349
2020-12-15,MIA,0.0,350
2020-12-16,MIA,0.0,351
2020-12-17,MIA,0.0,352
2020-12-18,MIA,0.0,353
2020-12-19,MIA,0.0,354
2020-12-20,MIA,0.0,355
2020-12-21,MIA,0.0,356
2020-12-22,MIA,0.0,357
2020-12-23,MIA,0.0,358
2020-12-24,MIA,0.09,359
2020-12-25,MIA,0.0,360
2020-12-26,MIA,0.0,361
2020-12-27,MIA,0.0,362
2020-12-28,MIA,0.01,363
2020-12-29,MIA,0.0,364
2020-12-30,MIA,0.0,365
2020-12-31,MIA,0.0,366
2021-01-01,MIA,0.0,1
2021-01-02,MIA,0.0,2
2021-01-03,MIA,0.0,3
2021-01-04,MIA,0.0,4
2021-01-05,MIA,0.0,5
2021-01-06,MIA,0.0,6
2021-01-07,MIA,0.0,7
2021-01-08,MIA,0.0,8
2021-01-09,MIA,0.0,9
2021-01-10,MIA,0.0,10
2021-01-11,MIA,0.0,11
2021-01-12,MIA,0.0,12
2021-01-13,MIA,0.2,13
2021-01-14,MIA,0.29,14
2021-01-15,MIA,0.0,15
2021-01-16,MIA,0.0,16
2021-01-17,MIA,0.0,17
2021-01-18,MIA,0.01,18
2021-01-19,MIA,0.0,19
2021-01-20,MIA,0.0,20
2021-01-21,MIA,0.0,21
2021-01-22,MIA,0.0,22
2021-01-23,MIA,0.0,23
2021-01-24,MIA,0.0,24
2021-01-25,MIA,0.0,25
2021-01-26,MIA,0.0,26
2021-01-27,MIA,0.0,27
2021-01-28,MIA,0.0,28
2021-01-29,MIA,0.0,29
2021-01-30,MIA,0.0,30
2021-01-31,MIA,0.0,31
2021-02-01,MIA,0.02,32
2021-02-02,MIA,0.0,33
2021-02-03,MIA,0.0,34
2021-02-04,MIA,0.0,35
2021-02-05,MIA,0.0,36
2021-02-06,MIA,0.98,37
2021-02-07,MIA,0.0,38
2021-02-08,MIA,0.0,39
2021-02-09,MIA,0.0,40
2021-02-10,MIA,0.0,41
2021-02-11,MIA,0.0,42
2021-02-12,MIA,0.0,43
2021-02-13,MIA,0.0,44
2021-02-14,MIA,0.0,45
2021-02-15,MIA,0.22,46
2021-02-16,MIA,1.24,47
2021-02-17,MIA,0.02,48
2021-02-18,MIA,0.0,49
2021-02-19,MIA,0.21,50
2021-02-20,MIA,0.0,51
2021-02-21,MIA,0.01,52
2021-02-22,MIA,0.0,53
2021-02-23,MIA,0.06,54
2021-02-24,MIA,0.13,55
2021-02-25,MIA,0.0,56
2021-02-26,MIA,0.01,57
2021-02-27,MIA,0.0,58
2021-02-28,MIA,0.0,59
2021-03-01,MIA,0.0,60
2021-03-02,MIA,0.0,61
2021-03-03,MIA,0.0,62
2021-03-04,MIA,0.0,63
2021-03-05,MIA,0.0,64
2021-03-06,MIA,1.42,65
2021-03-07,MIA,0.0,66
2021-03-08,MIA,0.0,67
2021-03-09,MIA,0.0,68
2021-03-10,MIA,0.09,69
2021-03-11,MIA,0.02,70
2021-03-12,MIA,0.0,71
2021-03-13,MIA,0.0,72
2021-03-14,MIA,0.0,73
2021-03-15,MIA,0.0,74
2021-03-16,MIA,0.0,75
2021-03-17,MIA,0.0,76
2021-03-18,MIA,0.0,77
2021-03-19,MIA,0.34,78
2021-03-20,MIA,0.0,79
2021-03-21,MIA,0.0,80
2021-03-22,MIA,0.0,81
2021-03-23,MIA,0.0,82
2021-03-24,MIA,0.0,83
2021-03-25,MIA,0.0,84
2021-03-26,MIA,0.0,85
2021-03-27,MIA,0.0,86
2021-03-28,MIA,0.0,87
2021-03-29,MIA,0.0,88
2021-03-30,MIA,0.0,89
2021-03-31,MIA,0.0,90
2021-04-01,MIA,0.06,91
2021-04-02,MIA,0.0,92
2021-04-03,MIA,0.0,93
2021-04-04,MIA,0.0,94
2021-04-05,MIA,0.0,95
2021-04-06,MIA,0.0,96
2021-04-07,MIA,0.0,97
2021-04-08,MIA,0.0,98
2021-04-09,MIA,0.0,99
2021-04-10,MIA,0.0,100
2021-04-11,MIA,0.82,101
2021-04-12,MIA,0.59,102
2021-04-13,MIA,0.0,103
2021-04-14,MIA,0.0,104
2021-04-15,MIA,0.0,105
2021-04-16,MIA,0.0,106
2021-04-17,MIA,0.0,107
2021-04-18,MIA,0.0,108
2021-04-19,MIA,0.04,109
2021-04-20,MIA,1.17,110
2021-04-21,MIA,0.13,111
2021-04-22,MIA,0.0,112
2021-04-23,MIA,0.0,113
2021-04-24,MIA,0.0,114
2021-04-25,MIA,0.0,115
2021-04-26,MIA,0.0,116
2021-04-27,MIA,0.0,117
2021-04-28,MIA,0.0,118
2021-04-29,MIA,0.0,119
2021-04-30,MIA,0.0,120
2021-05-01,MIA,0.0,121
2021-05-02,MIA,0.0,122
2021-05-03,MIA,0.0,123
2021-05-04,MIA,0.0,124
2021-05-05,MIA,0.0,125
2021-05-06,MIA,0.66,126
2021-05-07,MIA,0.19,127
2021-05-08,MIA,0.0,128
2021-05-09,MIA,0.61,129
2021-05-10,MIA,0.04,130
2021-05-11,MIA,0.0,131
2021-05-12,MIA,0.93,132
2021-05-13,MIA,0.19,133
2021-05-14,MIA,0.01,134
2021-05-15,MIA,0.0,135
2021-05-16,MIA,0.01,136
2021-05-17,MIA,0.0,137
2021-05-18,MIA,0.0,138
2021-05-19,MIA,0.0,139
2021-05-20,MIA,0.0,140
2021-05-21,MIA,0.0,141
2021-05-22,MIA,0.0,142
2021-05-23,MIA,0.0,143
2021-05-24,MIA,0.0,144
2021-05-25,MIA,0.0,145
2021-05-26,MIA,0.0,146
2021-05-27,MIA,0.0,147
2021-05-28,MIA,0.0,148
2021-05-29,MIA,0.0,149
2021-05-30,MIA,0.04,150
2021-05-31,MIA,0.0,151
2021-06-01,MIA,0.0,152
2021-06-02,MIA,0.72,153
2021-06-03,MIA,0.61,154
2021-06-04,MIA,0.06,155
2021-06-05,MIA,0.02,156
2021-06-06,MIA,0.01,157
2021-06-07,MIA,0.0,158
2021-06-08,MIA,0.02,159
2021-06-09,MIA,0.0,160
2021-06-10,MIA,0.0,161
2021-06-11,MIA,0.0,162
2021-06-12,MIA,0.09,163
2021-06-13,MIA,0.0,164
2021-06-14,MIA,0.79,165
2021-06-15,MIA,0.72,166
2021-06-16,MIA,0.61,167
2021-06-17,MIA,0.0,168
2021-06-18,MIA,0.03,169
2021-06-19,MIA,0.0,170
2021-06-20,MIA,1.1,171
2021-06-21,MIA,0.0,172
2021-06-22,MIA,0.19,173
2021-06-23,MIA,0.59,174
2021-06-24,MIA,0.22,175
2021-06-25,MIA,0.36,176
2021-06-26,MIA,0.51,177
2021-06-27,MIA,0.14,178
2021-06-28,MIA,0.79,179
2021-06-29,MIA,3.86,180
2021-06-30,MIA,1.0,181
2021-07-01,MIA,0.06,182
2021-07-02,MIA,0.56,183
2021-07-03,MIA,0.0,184
2021-07-04,MIA,0.0,185
2021-07-05,MIA,1.2,186
2021-07-06,MIA,0.44,187
2021-07-07,MIA,0.0,188
2021-07-08,MIA,0.0,189
2021-07-09,MIA,0.0,190
2021-07-10,MIA,0.18,191
2021-07-11,MIA,0.2,192
2021-07-12,MIA,1.26,193
2021-07-13,MIA,1.68,194
2021-07-14,MIA,0.02,195
2021-07-15,MIA,0.0,196
2021-07-16,MIA,0.1,197
2021-07-17,MIA,0.5,198
2021-07-18,MIA,0.0,199
2021-07-19,MIA,0.0,200
2021-07-20,MIA,0.46,201
2021-07-21,MIA,0.05,202
2021-07-22,MIA,0.27,203
2021-07-23,MIA,0.48,204
2021-07-24,MIA,0.1,205
2021-07-25,MIA,0.0,206
2021-07-26,MIA,0.0,207
2021-07-27,MIA,0.0,208
2021-07-28,MIA,0.0,209
2021-07-29,MIA,0.62,210
2021-07-30,MIA,0.0,211
2021-07-31,MIA,0.0,212
2021-08-01,MIA,0.0,213
2021-08-02,MIA,0.24,214
2021-08-03,MIA,1.46,215
2021-08-04,MIA,0.64,216
2021-08-05,MIA,0.0,217
2021-08-06,MIA,0.0,218
2021-08-07,MIA,0.03,219
2021-08-08,MIA,0.07,220
2021-08-09,MIA,0.18,221
2021-08-10,MIA,0.04,222
2021-08-11,MIA,0.01,223
2021-08-12,MIA,0.93,224
2021-08-13,MIA,0.44,225
2021-08-14,MIA,0.65,226
2021-08-15,MIA,0.63,227
2021-08-16,MIA,0.03,228
2021-08-17,MIA,0.0,229
2021-08-18,MIA,0.0,230
2021-08-19,MIA,0.15,231
2021-08-20,MIA,0.0,232
2021-08-21,MIA,0.0,233
2021-08-22,MIA,0.0,234
2021-08-23,MIA,0.02,235
2021-08-24,MIA,0.0,236
2021-08-25,MIA,0.12,237
2021-08-26,MIA,0.2,238
2021-08-27,MIA,0.01,239
2021-08-28,MIA,0.0,240
2021-08-29,MIA,0.02,241
2021-08-30,MIA,0.43,242
2021-08-31,MIA,0.99,243
2021-09-01,MIA,0.01,244
2021-09-02,MIA,0.44,245
2021-09-03,MIA,1.07,246
2021-09-04,MIA,1.22,247
2021-09-05,MIA,0.28,248
2021-09-06,MIA,0.3,249
2021-09-07,MIA,0.0,250
2021-09-08,MIA,0.53,251
2021-09-09,MIA,0.0,252
2021-09-10,MIA,0.0,253
2021-09-11,MIA,0.0,254
2021-09-12,MIA,0.48,255
2021-09-13,MIA,0.18,256
2021-09-14,MIA,0.08,257
2021-09-15,MIA,0.29,258
2021-09-16,MIA,0.03,259
2021-09-17,MIA,1.58,260
2021-09-18,MIA,0.07,261
2021-09-19,MIA,0.53,262
2021-09-20,MIA,0.0,263
2021-09-21,MIA,0.0,264
2021-09-22,MIA,0.05,265
2021-09-23,MIA,2.25,266
2021-09-24,MIA,1.19,267
2021-09-25,MIA,1.54,268
2021-09-26,MIA,0.0,269
2021-09-27,MIA,0.0,270
2021-09-28,MIA,0.0,271
2021-09-29,MIA,0.0,272
2021-09-30,MIA,0.0,273
2021-10-01,MIA,0.8,274
2021-10-02,MIA,0.34,275
2021-10-03,MIA,0.03,276
2021-10-04,MIA,0.0,277
2021-10-05,MIA,0.0,278
2021-10-06,MIA,0.0,279
2021-10-07,MIA,0.0,280
2021-10-08,MIA,0.08,281
2021-10-09,MIA,0.56,282
2021-10-10,MIA,0.12,283
2021-10-11,MIA,0.16,284
2021-10-12,MIA,0.0,285
2021-10-13,MIA,0.05,286
2021-10-14,MIA,0.01,287
2021-10-15,MIA,0.16,288
2021-10-16,MIA,0.0,289
2021-10-17,MIA,0.86,290
2021-10-18,MIA,0.0,291
2021-10-19,MIA,0.0,292
2021-10-20,MIA,0.0,293
2021-10-21,MIA,0.0,294
2021-10-22,MIA,1.01,295
2021-10-23,MIA,0.0,296
2021-10-24,MIA,0.0,297
2021-10-25,MIA,0.23,298
2021-10-26,MIA,0.01,299
2021-10-27,MIA,0.0,300
2021-10-28,MIA,0.06,301
2021-10-29,MIA,0.43,302
2021-10-30,MIA,0.0,303
2021-10-31,MIA,0.0,304
2021-11-01,MIA,0.0,305
2021-11-02,MIA,0.11,306
2021-11-03,MIA,0.0,307
2021-11-04,MIA,0.06,308
2021-11-05,MIA,1.6,309
2021-11-06,MIA,0.0,310
2021-11-07,MIA,0.0,311
2021-11-08,MIA,0.0,312
2021-11-09,MIA,0.0,313
2021-11-10,MIA,0.0,314
2021-11-11,MIA,0.04,315
2021-11-12,MIA,0.07,316
2021-11-13,MIA,0.0,317
2021-11-14,MIA,0.0,318
2021-11-15,MIA,0.0,319
2021-11-16,MIA,0.0,320
2021-11-17,MIA,0.0,321
2021-11-18,MIA,0.55,322
2021-11-19,MIA,0.64,323
2021-11-20,MIA,0.61,324
2021-11-21,MIA,0.7,325
2021-11-22,MIA,0.0,326
2021-11-23,MIA,0.0,327
2021-11-24,MIA,0.0,328
2021-11-25,MIA,0.0,329
2021-11-26,MIA,0.0,330
2021-11-27,MIA,0.0,331
2021-11-28,MIA,0.0,332
2021-11-29,MIA,0.0,333
2021-11-30,MIA,0.0,334
2021-12-01,MIA,0.0,335
2021-12-02,MIA,0.0,336
2021-12-03,MIA,0.0,337
2021-12-04,MIA,0.0,338
2021-12-05,MIA,0.0,339
2021-12-06,MIA,0.25,340
2021-12-07,MIA,0.0,341
2021-12-08,MIA,0.0,342
2021-12-09,MIA,0.0,343
2021-12-10,MIA,0.0,344
2021-12-11,MIA,0.0,345
2021-12-12,MIA,0.0,346
2021-12-13,MIA,0.0,347
2021-12-14,MIA,0.06,348
2021-12-15,MIA,0.42,349
2021-12-16,MIA,0.0,350
2021-12-17,MIA,0.0,351
2021-12-18,MIA,0.24,352
2021-12-19,MIA,0.13,353
2021-12-20,MIA,0.0,354
2021-12-21,MIA,0.09,355
2021-12-22,MIA,0.0,356
2021-12-23,MIA,0.0,357
2021-12-24,MIA,0.0,358
2021-12-25,MIA,0.0,359
2021-12-26,MIA,0.0,360
2021-12-27,MIA,0.0,361
2021-12-28,MIA,0.0,362
2021-12-29,MIA,0.0,363
2021-12-30,MIA,0.0,364
2021-12-31,MIA,0.0,365
2022-01-01,MIA,0.0,1
2022-01-02,MIA,0.0,2
2022-01-03,MIA,0.0,3
2022-01-04,MIA,0.0,4
2022-01-05,MIA,0.21,5
2022-01-06,MIA,0.0,6
2022-01-07,MIA,0.0,7
2022-01-08,MIA,0.17,8
2022-01-09,MIA,0.18,9
2022-01-10,MIA,0.0,10
2022-01-11,MIA,0.94,11
2022-01-12,MIA,0.01,12
2022-01-13,MIA,0.01,13
2022-01-14,MIA,0.0,14
2022-01-15,MIA,0.0,15
2022-01-16,MIA,0.22,16
2022-01-17,MIA,0.0,17
2022-01-18,MIA,0.0,18
2022-01-19,MIA,0.0,19
2022-01-20,MIA,1.69,20
2022-01-21,MIA,2.39,21
2022-01-22,MIA,0.01,22
2022-01-23,MIA,0.0,23
2022-01-24,MIA,0.0,24
2022-01-25,MIA,0.0,25
2022-01-26,MIA,0.04,26
2022-01-27,MIA,0.11,27
2022-01-28,MIA,0.0,28
2022-01-29,MIA,0.0,29
2022-01-30,MIA,0.0,30
2022-01-31,MIA,0.0,31
2022-02-01,MIA,0.0,32
2022-02-02,MIA,0.0,33
2022-02-03,MIA,0.0,34
2022-02-04,MIA,0.0,35
2022-02-05,MIA,0.0,36
2022-02-06,MIA,0.0,37
2022-02-07,MIA,0.0,38
2022-02-08,MIA,0.11,39
2022-02-09,MIA,0.18,40
2022-02-10,MIA,0.0,41
2022-02-11,MIA,0.05,42
2022-02-12,MIA,0.01,43
2022-02-13,MIA,0.91,44
2022-02-14,MIA,0.0,45
2022-02-15,MIA,0.0,46
2022-02-16,MIA,0.01,47
2022-02-17,MIA,0.01,48
2022-02-18,MIA,0.0,49
2022-02-19,MIA,0.3,50
2022-02-20,MIA,0.0,51
2022-02-21,MIA,0.0,52
2022-02-22,MIA,0.0,53
2022-02-23,MIA,0.0,54
2022-02-24,MIA,0.0,55
2022-02-25,MIA,0.0,56
2022-02-26,MIA,0.0,57
2022-02-27,MIA,0.0,58
2022-02-28,MIA,0.02,59
2022-03-01,MIA,0.0,60
2022-03-02,MIA,0.02,61
2022-03-03,MIA,0.07,62
2022-03-04,MIA,0.0,63
2022-03-05,MIA,0.0,64
2022-03-06,MIA,0.01,65
2022-03-07,MIA,0.14,66
2022-03-08,MIA,0.0,67
2022-03-09,MIA,0.0,68
2022-03-10,MIA,0.02,69
2022-03-11,MIA,0.0,70
2022-03-12,MIA,0.0,71
2022-03-13,MIA,0.0,72
2022-03-14,MIA,0.24,73
2022-03-15,MIA,0.83,74
2022-03-16,MIA,0.0,75
2022-03-17,MIA,0.0,76
2022-03-18,MIA,0.0,77
2022-03-19,MIA,0.0,78
2022-03-20,MIA,0.05,79
2022-03-21,MIA,0.0,80
2022-03-22,MIA,0.0,81
2022-03-23,MIA,0.0,82
2022-03-24,MIA,0.0,83
2022-03-25,MIA,0.65,84
2022-03-26,MIA,0.0,85
2022-03-27,MIA,0.0,86
2022-03-28,MIA,0.0,87
2022-03-29,MIA,0.0,88
2022-03-30,MIA,0.0,89
2022-03-31,MIA,0.0,90
2022-04-01,MIA,0.0,91
2022-04-02,MIA,0.14,92
2022-04-03,MIA,0.16,93
2022-04-04,MIA,0.04,94
2022-04-05,MIA,0.0,95
2022-04-06,MIA,0.0,96
2022-04-07,MIA,0.1,97
2022-04-08,MIA,0.0,98
2022-04-09,MIA,0.0,99
2022-04-10,MIA,0.0,100
2022-04-11,MIA,0.0,101
2022-04-12,MIA,0.0,102
2022-04-13,MIA,0.0,103
2022-04-14,MIA,0.0,104
2022-04-15,MIA,2.49,105
2022-04-16,MIA,0.0,106
2022-04-17,MIA,0.0,107
2022-04-18,MIA,0.0,108
2022-04-19,MIA,0.0,109
2022-04-20,MIA,0.01,110
2022-04-21,MIA,0.05,111
2022-04-22,MIA,0.18,112
2022-04-23,MIA,0.0,113
2022-04-24,MIA,0.0,114
2022-04-25,MIA,0.0,115
2022-04-26,MIA,0.0,116
2022-04-27,MIA,0.0,117
2022-04-28,MIA,0.09,118
2022-04-29,MIA,0.04,119
2022-04-30,MIA,1.36,120
2022-05-01,MIA,0.06,121
2022-05-02,MIA,0.0,122
2022-05-03,MIA,0.02,123
2022-05-04,MIA,0.28,124
2022-05-05,MIA,0.0,125
2022-05-06,MIA,0.0,126
2022-05-07,MIA,0.0,127
2022-05-08,MIA,0.15,128
2022-05-09,MIA,0.0,129
2022-05-10,MIA,0.0,130
2022-05-11,MIA,0.0,131
2022-05-12,MIA,0.16,132
2022-05-13,MIA,0.0,133
2022-05-14,MIA,0.0,134
2022-05-15,MIA,0.07,135
2022-05-16,MIA,0.45,136
2022-05-17,MIA,0.0,137
2022-05-18,MIA,0.0,138
2022-05-19,MIA,0.0,139
2022-05-20,MIA,1.65,140
2022-05-21,MIA,0.0,141
2022-05-22,MIA,0.0,142
2022-05-23,MIA,0.03,143
2022-05-24,MIA,0.0,144
2022-05-25,MIA,0.0,145
2022-05-26,MIA,0.0,146
2022-05-27,MIA,0.0,147
2022-05-28,MIA,0.37,148
2022-05-29,MIA,0.41,149
2022-05-30,MIA,0.76,150
2022-05-31,MIA,0.06,151
2022-06-01,MIA,2.32,152
2022-06-02,MIA,0.27,153
2022-06-03,MIA,3.39,154
2022-06-04,MIA,5.26,155
2022-06-05,MIA,0.0,156
2022-06-06,MIA,0.02,157
2022-06-07,MIA,0.08,158
2022-06-08,MIA,0.11,159
2022-06-09,MIA,0.25,160
2022-06-10,MIA,0.05,161
2022-06-11,MIA,0.03,162
2022-06-12,MIA,0.88,163
2022-06-13,MIA,0.0,164
2022-06-14,MIA,0.05,165
2022-06-15,MIA,0.0,166
2022-06-16,MIA,0.0,167
2022-06-17,MIA,0.11,168
2022-06-18,MIA,0.0,169
2022-06-19,MIA,1.91,170
2022-06-20,MIA,0.01,171
2022-06-21,MIA,0.21,172
2022-06-22,MIA,0.02,173
2022-06-23,MIA,0.0,174
2022-06-24,MIA,0.0,175
2022-06-25,MIA,0.64,176
2022-06-26,MIA,0.0,177
2022-06-27,MIA,0.0,178
2022-06-28,MIA,0.0,179
2022-06-29,MIA,0.0,180
2022-06-30,MIA,0.0,181
2022-07-01,MIA,0.01,182
2022-07-02,MIA,0.0,183
2022-07-03,MIA,0.0,184
2022-07-04,MIA,0.0,185
2022-07-05,MIA,0.07,186
2022-07-06,MIA,0.07,187
2022-07-07,MIA,0.04,188
2022-07-08,MIA,0.29,189
2022-07-09,MIA,0.08,190
2022-07-10,MIA,0.1,191
2022-07-11,MIA,0.0,192
2022-07-12,MIA,0.0,193
2022-07-13,MIA,0.0,194
2022-07-14,MIA,0.11,195
2022-07-15,MIA,0.77,196
2022-07-16,MIA,0.85,197
2022-07-17,MIA,0.01,198
2022-07-18,MIA,0.0,199
2022-07-19,MIA,0.0,200
2022-07-20,MIA,0.0,201
2022-07-21,MIA,0.0,202
2022-07-22,MIA,0.05,203
2022-07-23,MIA,0.01,204
2022-07-24,MIA,0.03,205
2022-07-25,MIA,0.14,206
2022-07-26,MIA,1.7,207
2022-07-27,MIA,0.48,208
2022-07-28,MIA,0.0,209
2022-07-29,MIA,0.0,210
2022-07-30,MIA,0.0,211
2022-07-31,MIA,0.0,212
2022-08-01,MIA,0.0,213
2022-08-02,MIA,0.0,214
2022-08-03,MIA,0.0,215
2022-08-04,MIA,0.0,216
2022-08-05,MIA,0.41,217
2022-08-06,MIA,0.03,218
2022-08-07,MIA,0.11,219
2022-08-08,MIA,0.23,220
2022-08-09,MIA,0.06,221
2022-08-10,MIA,0.0,222
2022-08-11,MIA,0.0,223
2022-08-12,MIA,0.0,224
2022-08-13,MIA,0.01,225
2022-08-14,MIA,0.16,226
2022-08-15,MIA,0.81,227
2022-08-16,MIA,0.75,228
2022-08-17,MIA,0.0,229
2022-08-18,MIA,0.0,230
2022-08-19,MIA,0.0,231
2022-08-20,MIA,0.13,232
2022-08-21,MIA,0.0,233
2022-08-22,MIA,0.55,234
2022-08-23,MIA,0.07,235
2022-08-24,MIA,0.0,236
2022-08-25,MIA,0.0,237
2022-08-26,MIA,0.0,238
2022-08-27,MIA,0.0,239
2022-08-28,MIA,0.67,240
2022-08-29,MIA,0.49,241
2022-08-30,MIA,0.02,242
2022-08-31,MIA,0.67,243
2022-09-01,MIA,0.13,244
2022-09-02,MIA,0.03,245
2022-09-03,MIA,0.18,246
2022-09-04,MIA,0.0,247
2022-09-05,MIA,0.0,248
2022-09-06,MIA,0.03,249
2022-09-07,MIA,0.59,250
2022-09-08,MIA,0.54,251
2022-09-09,MIA,0.04,252
2022-09-10,MIA,0.0,253
2022-09-11,MIA,0.0,254
2022-09-12,MIA,0.14,255
2022-09-13,MIA,0.18,256
2022-09-14,MIA,2.61,257
2022-09-15,MIA,0.45,258
2022-09-16,MIA,0.84,259
2022-09-17,MIA,0.35,260
2022-09-18,MIA,0.03,261
2022-09-19,MIA,0.0,262
2022-09-20,MIA,0.0,263
2022-09-21,MIA,0.09,264
2022-09-22,MIA,0.0,265
2022-09-23,MIA,0.0,266
2022-09-24,MIA,0.39,267
2022-09-25,MIA,0.0,268
2022-09-26,MIA,1.67,269
2022-09-27,MIA,3.54,270
2022-09-28,MIA,0.32,271
2022-09-29,MIA,0.0,272
2022-09-30,MIA,0.0,273
2022-10-01,MIA,0.0,274
2022-10-02,MIA,0.02,275
2022-10-03,MIA,0.0,276
2022-10-04,MIA,0.0,277
2022-10-05,MIA,0.0,278
2022-10-06,MIA,0.0,279
2022-10-07,MIA,0.0,280
2022-10-08,MIA,0.23,281
2022-10-09,MIA,2.23,282
2022-10-10,MIA,0.0,283
2022-10-11,MIA,0.0,284
2022-10-12,MIA,0.0,285
2022-10-13,MIA,1.67,286
2022-10-14,MIA,0.23,287
2022-10-15,MIA,0.04,288
2022-10-16,MIA,0.0,289
2022-10-17,MIA,0.04,290
2022-10-18,MIA,0.0,291
2022-10-19,MIA,0.35,292
2022-10-20,MIA,0.0,293
2022-10-21,MIA,0.03,294
2022-10-22,MIA,0.0,295
2022-10-23,MIA,0.01,296
2022-10-24,MIA,0.0,297
2022-10-25,MIA,0.0,298
2022-10-26,MIA,0.0,299
2022-10-27,MIA,0.0,300
2022-10-28,MIA,0.0,301
2022-10-29,MIA,0.0,302
2022-10-30,MIA,0.0,303
2022-10-31,MIA,0.0,304
2022-11-01,MIA,0.02,305
2022-11-02,MIA,0.0,306
2022-11-03,MIA,0.14,307
2022-11-04,MIA,0.02,308
2022-11-05,MIA,0.01,309
2022-11-06,MIA,0.34,310
2022-11-07,MIA,0.02,311
2022-11-08,MIA,0.59,312
2022-11-09,MIA,1.35,313
2022-11-10,MIA,0.0,314
2022-11-11,MIA,0.0,315
2022-11-12,MIA,0.02,316
2022-11-13,MIA,0.0,317
2022-11-14,MIA,0.0,318
2022-11-15,MIA,0.0,319
2022-11-16,MIA,0.0,320
2022-11-17,MIA,0.0,321
2022-11-18,MIA,0.0,322
2022-11-19,MIA,0.01,323
2022-11-20,MIA,4.46,324
2022-11-21,MIA,1.06,325
2022-11-22,MIA,0.1,326
2022-11-23,MIA,0.0,327
2022-11-24,MIA,0.0,328
2022-11-25,MIA,0.0,329
2022-11-26,MIA,0.0,330
2022-11-27,MIA,0.0,331
2022-11-28,MIA,0.03,332
2022-11-29,MIA,0.0,333
2022-11-30,MIA,0.32,334
2022-12-01,MIA,0.07,335
2022-12-02,MIA,0.0,336
2022-12-03,MIA,0.0,337
2022-12-04,MIA,0.0,338
2022-12-05,MIA,0.0,339
2022-12-06,MIA,0.02,340
2022-12-07,MIA,0.02,341
2022-12-08,MIA,0.0,342
2022-12-09,MIA,0.0,343
2022-12-10,MIA,0.0,344
2022-12-11,MIA,0.0,345
2022-12-12,MIA,0.0,346
2022-12-13,MIA,0.01,347
2022-12-14,MIA,0.0,348
2022-12-15,MIA,0.0,349
2022-12-16,MIA,0.17,350
2022-12-17,MIA,0.16,351
2022-12-18,MIA,0.07,352
2022-12-19,MIA,0.0,353
2022-12-20,MIA,0.38,354
2022-12-21,MIA,0.01,355
2022-12-22,MIA,0.0,356
2022-12-23,MIA,0.27,357
2022-12-24,MIA,0.0,358
2022-12-25,MIA,0.03,359
2022-12-26,MIA,0.38,360
2022-12-27,MIA,0.14,361
2022-12-28,MIA,0.0,362
2022-12-29,MIA,0.0,363
2022-12-30,MIA,0.0,364
2022-12-31,MIA,0.0,365
2018-01-01,SEA,0.0,1
2018-01-02,SEA,0.0,2
2018-01-03,SEA,0.0,3
2018-01-04,SEA,0.13,4
2018-01-05,SEA,0.51,5
2018-01-06,SEA,0.17,6
2018-01-07,SEA,0.33,7
2018-01-08,SEA,0.16,8
2018-01-09,SEA,0.18,9
2018-01-10,SEA,0.17,10
2018-01-11,SEA,1.12,11
2018-01-12,SEA,0.1,12
2018-01-13,SEA,0.01,13
2018-01-14,SEA,0.0,14
2018-01-15,SEA,0.06,15
2018-01-16,SEA,0.19,16
2018-01-17,SEA,0.43,17
2018-01-18,SEA,0.4,18
2018-01-19,SEA,0.03,19
2018-01-20,SEA,0.08,20
2018-01-21,SEA,0.11,21
2018-01-22,SEA,0.36,22
2018-01-23,SEA,0.88,23
2018-01-24,SEA,0.44,24
2018-01-25,SEA,0.15,25
2018-01-26,SEA,0.41,26
2018-01-27,SEA,0.55,27
2018-01-28,SEA,0.06,28
2018-01-29,SEA,1.09,29
2018-01-30,SEA,0.0,30
2018-01-31,SEA,0.0,31
2018-02-01,SEA,0.57,32
2018-02-02,SEA,0.08,33
2018-02-03,SEA,0.14,34
2018-02-04,SEA,0.01,35
2018-02-05,SEA,0.03,36
2018-02-06,SEA,0.05,37
2018-02-07,SEA,0.0,38
2018-02-08,SEA,0.05,39
2018-02-09,SEA,0.0,40
2018-02-10,SEA,0.0,41
2018-02-11,SEA,0.0,42
2018-02-12,SEA,0.0,43
2018-02-13,SEA,0.14,44
2018-02-14,SEA,0.1,45
2018-02-15,SEA,0.01,46
2018-02-16,SEA,0.11,47
2018-02-17,SEA,0.3,48
2018-02-18,SEA,0.06,49
2018-02-19,SEA,0.0,50
2018-02-20,SEA,0.0,51
2018-02-21,SEA,0.06,52
2018-02-22,SEA,0.0,53
2018-02-23,SEA,0.03,54
2018-02-24,SEA,0.06,55
2018-02-25,SEA,0.2,56
2018-02-26,SEA,0.0,57
2018-02-27,SEA,0.01,58
2018-02-28,SEA,0.15,59
2018-03-01,SEA,0.03,60
2018-03-02,SEA,0.18,61
2018-03-03,SEA,0.0,62
2018-03-04,SEA,0.13,63
2018-03-05,SEA,0.0,64
2018-03-06,SEA,0.0,65
2018-03-07,SEA,0.04,66
2018-03-08,SEA,0.35,67
2018-03-09,SEA,0.0,68
2018-03-10,SEA,0.0,69
2018-03-11,SEA,0.0,70
2018-03-12,SEA,0.0,71
2018-03-13,SEA,0.27,72
2018-03-14,SEA,0.03,73
2018-03-15,SEA,0.0,74
2018-03-16,SEA,0.0,75
2018-03-17,SEA,0.0,76
2018-03-18,SEA,0.0,77
2018-03-19,SEA,0.0,78
2018-03-20,SEA,0.0,79
2018-03-21,SEA,0.1,80
2018-03-22,SEA,0.46,81
2018-03-23,SEA,0.35,82
2018-03-24,SEA,0.23,83
2018-03-25,SEA,0.04,84
2018-03-26,SEA,0.15,85
2018-03-27,SEA,0.08,86
2018-03-28,SEA,0.0,87
2018-03-29,SEA,0.0,88
2018-03-30,SEA,0.0,89
2018-03-31,SEA,0.0,90
2018-04-01,SEA,0.0,91
2018-04-02,SEA,0.0,92
2018-04-03,SEA,0.0,93
2018-04-04,SEA,0.29,94
2018-04-05,SEA,0.21,95
2018-04-06,SEA,0.05,96
2018-04-07,SEA,0.82,97
2018-04-08,SEA,0.39,98
2018-04-09,SEA,0.0,99
2018-04-10,SEA,0.18,100
2018-04-11,SEA,0.21,101
2018-04-12,SEA,0.11,102
2018-04-13,SEA,0.66,103
2018-04-14,SEA,1.7,104
2018-04-15,SEA,0.12,105
2018-04-16,SEA,0.59,106
2018-04-17,SEA,0.01,107
2018-04-18,SEA,0.0,108
2018-04-19,SEA,0.0,109
2018-04-20,SEA,0.0,110
2018-04-21,SEA,0.03,111
2018-04-22,SEA,0.0,112
2018-04-23,SEA,0.0,113
2018-04-24,SEA,0.0,114
2018-04-25,SEA,0.0,115
2018-04-26,SEA,0.0,116
2018-04-27,SEA,0.01,117
2018-04-28,SEA,0.31,118
2018-04-29,SEA,0.0,119
2018-04-30,SEA,0.0,120
2018-05-01,SEA,0.0,121
2018-05-02,SEA,0.0,122
2018-05-03,SEA,0.0,123
2018-05-04,SEA,0.0,124
2018-05-05,SEA,0.01,125
2018-05-06,SEA,0.0,126
2018-05-07,SEA,0.0,127
2018-05-08,SEA,0.03,128
2018-05-09,SEA,0.0,129
2018-05-10,SEA,0.04,130
2018-05-11,SEA,0.0,131
2018-05-12,SEA,0.0,132
2018-05-13,SEA,0.0,133
2018-05-14,SEA,0.0,134
2018-05-15,SEA,0.0,135
2018-05-16,SEA,0.0,136
2018-05-17,SEA,0.0,137
2018-05-18,SEA,0.0,138
2018-05-19,SEA,0.04,139
2018-05-20,SEA,0.0,140
2018-05-21,SEA,0.0,141
2018-05-22,SEA,0.0,142
2018-05-23,SEA,0.0,143
2018-05-24,SEA,0.0,144
2018-05-25,SEA,0.0,145
2018-05-26,SEA,0.0,146
2018-05-27,SEA,0.0,147
2018-05-28,SEA,0.0,148
2018-05-29,SEA,0.0,149
2018-05-30,SEA,0.0,150
2018-05-31,SEA,0.0,151
2018-06-01,SEA,0.0,152
2018-06-02,SEA,0.0,153
2018-06-03,SEA,0.01,154
2018-06-04,SEA,0.0,155
2018-06-05,SEA,0.0,156
2018-06-06,SEA,0.0,157
2018-06-07,SEA,0.0,158
2018-06-08,SEA,0.25,159
2018-06-09,SEA,0.09,160
2018-06-10,SEA,0.06,161
2018-06-11,SEA,0.0,162
2018-06-12,SEA,0.0,163
2018-06-13,SEA,0.02,164
2018-06-14,SEA,0.0,165
2018-06-15,SEA,0.0,166
2018-06-16,SEA,0.0,167
2018-06-17,SEA,0.0,168
2018-06-18,SEA,0.0,169
2018-06-19,SEA,0.0,170
2018-06-20,SEA,0.0,171
2018-06-21,SEA,0.0,172
2018-06-22,SEA,0.0,173
2018-06-23,SEA,0.07,174
2018-06-24,SEA,0.13,175
2018-06-25,SEA,0.0,176
2018-06-26,SEA,0.0,177
2018-06-27,SEA,0.0,178
2018-06-28,SEA,0.0,179
2018-06-29,SEA,0.0,180
2018-06-30,SEA,0.0,181
2018-07-01,SEA,0.04,182
2018-07-02,SEA,0.0,183
2018-07-03,SEA,0.0,184
2018-07-04,SEA,0.0,185
2018-07-05,SEA,0.0,186
2018-07-06,SEA,0.0,187
2018-07-07,SEA,0.01,188
2018-07-08,SEA,0.0,189
2018-07-09,SEA,0.0,190
2018-07-10,SEA,0.0,191
2018-07-11,SEA,0.0,192
2018-07-12,SEA,0.0,193
2018-07-13,SEA,0.0,194
2018-07-14,SEA,0.0,195
2018-07-15,SEA,0.0,196
2018-07-16,SEA,0.0,197
2018-07-17,SEA,0.0,198
2018-07-18,SEA,0.0,199
2018-07-19,SEA,0.0,200
2018-07-20,SEA,0.0,201
2018-07-21,SEA,0.0,202
2018-07-22,SEA,0.0,203
2018-07-23,SEA,0.0,204
2018-07-24,SEA,0.0,205
2018-07-25,SEA,0.0,206
2018-07-26,SEA,0.0,207
2018-07-27,SEA,0.0,208
2018-07-28,SEA,0.0,209
2018-07-29,SEA,0.0,210
2018-07-30,SEA,0.0,211
2018-07-31,SEA,0.0,212
2018-08-01,SEA,0.0,213
2018-08-02,SEA,0.02,214
2018-08-03,SEA,0.01,215
2018-08-04,SEA,0.0,216
2018-08-05,SEA,0.0,217
2018-08-06,SEA,0.0,218
2018-08-07,SEA,0.0,219
2018-08-08,SEA,0.0,220
2018-08-09,SEA,0.0,221
2018-08-10,SEA,0.0,222
2018-08-11,SEA,0.05,223
2018-08-12,SEA,0.0,224
2018-08-13,SEA,0.0,225
2018-08-14,SEA,0.0,226
2018-08-15,SEA,0.0,227
2018-08-16,SEA,0.0,228
2018-08-17,SEA,0.0,229
2018-08-18,SEA,0.0,230
2018-08-19,SEA,0.0,231
2018-08-20,SEA,0.0,232
2018-08-21,SEA,0.0,233
2018-08-22,SEA,0.0,234
2018-08-23,SEA,0.01,235
2018-08-24,SEA,0.0,236
2018-08-25,SEA,0.0,237
2018-08-26,SEA,0.11,238
2018-08-27,SEA,0.0,239
2018-08-28,SEA,0.0,240
2018-08-29,SEA,0.0,241
2018-08-30,SEA,0.0,242
2018-08-31,SEA,0.0,243
2018-09-01,SEA,0.0,244
2018-09-02,SEA,0.0,245
2018-09-03,SEA,0.0,246
2018-09-04,SEA,0.0,247
2018-09-05,SEA,0.0,248
2018-09-06,SEA,0.0,249
2018-09-07,SEA,0.05,250
2018-09-08,SEA,0.04,251
2018-09-09,SEA,0.13,252
2018-09-10,SEA,0.0,253
2018-09-11,SEA,0.0,254
2018-09-12,SEA,0.01,255
2018-09-13,SEA,0.0,256
2018-09-14,SEA,0.42,257
2018-09-15,SEA,0.01,258
2018-09-16,SEA,0.17,259
2018-09-17,SEA,0.0,260
2018-09-18,SEA,0.0,261
2018-09-19,SEA,0.03,262
2018-09-20,SEA,0.05,263
2018-09-21,SEA,0.02,264
2018-09-22,SEA,0.05,265
2018-09-23,SEA,0.0,266
2018-09-24,SEA,0.0,267
2018-09-25,SEA,0.0,268
2018-09-26,SEA,0.0,269
2018-09-27,SEA,0.0,270
2018-09-28,SEA,0.0,271
2018-09-29,SEA,0.03,272
2018-09-30,SEA,0.03,273
2018-10-01,SEA,0.3,274
2018-10-02,SEA,0.01,275
2018-10-03,SEA,0.0,276
2018-10-04,SEA,0.0,277
2018-10-05,SEA,0.56,278
2018-10-06,SEA,0.0,279
2018-10-07,SEA,0.03,280
2018-10-08,SEA,0.1,281
2018-10-09,SEA,0.09,282
2018-10-10,SEA,0.0,283
2018-10-11,SEA,0.0,284
2018-10-12,SEA,0.0,285
2018-10-13,SEA,0.0,286
2018-10-14,SEA,0.0,287
2018-10-15,SEA,0.0,288
2018-10-16,SEA,0.0,289
2018-10-17,SEA,0.0,290
2018-10-18,SEA,0.0,291
2018-10-19,SEA,0.0,292
2018-10-20,SEA,0.0,293
2018-10-21,SEA,0.0,294
2018-10-22,SEA,0.0,295
2018-10-23,SEA,0.06,296
2018-10-24,SEA,0.0,297
2018-10-25,SEA,0.66,298
2018-10-26,SEA,0.45,299
2018-10-27,SEA,0.84,300
2018-10-28,SEA,0.61,301
2018-10-29,SEA,0.02,302
2018-10-30,SEA,0.03,303
2018-10-31,SEA,0.02,304
2018-11-01,SEA,0.04,305
2018-11-02,SEA,0.3,306
2018-11-03,SEA,0.18,307
2018-11-04,SEA,0.03,308
2018-11-05,SEA,0.0,309
2018-11-06,SEA,0.05,310
2018-11-07,SEA,0.04,311
2018-11-08,SEA,0.0,312
2018-11-09,SEA,0.07,313
2018-11-10,SEA,0.0,314
2018-11-11,SEA,0.0,315
2018-11-12,SEA,0.0,316
2018-11-13,SEA,0.0,317
2018-11-14,SEA,0.11,318
2018-11-15,SEA,0.02,319
2018-11-16,SEA,0.03,320
2018-11-17,SEA,0.0,321
2018-11-18,SEA,0.0,322
2018-11-19,SEA,0.0,323
2018-11-20,SEA,0.0,324
2018-11-21,SEA,0.11,325
2018-11-22,SEA,0.48,326
2018-11-23,SEA,0.34,327
2018-11-24,SEA,0.0,328
2018-11-25,SEA,0.01,329
2018-11-26,SEA,1.42,330
2018-11-27,SEA,1.84,331
2018-11-28,SEA,0.16,332
2018-11-29,SEA,0.0,333
2018-11-30,SEA,0.19,334
2018-12-01,SEA,0.07,335
2018-12-02,SEA,0.06,336
2018-12-03,SEA,0.0,337
2018-12-04,SEA,0.0,338
2018-12-05,SEA,0.0,339
2018-12-06,SEA,0.0,340
2018-12-07,SEA,0.0,341
2018-12-08,SEA,0.0,342
2018-12-09,SEA,0.59,343
2018-12-10,SEA,0.09,344
2018-12-11,SEA,0.73,345
2018-12-12,SEA,0.07,346
2018-12-13,SEA,0.29,347
2018-12-14,SEA,0.01,348
2018-12-15,SEA,0.06,349
2018-12-16,SEA,0.33,350
2018-12-17,SEA,0.45,351
2018-12-18,SEA,0.7,352
2018-12-19,SEA,0.11,353
2018-12-20,SEA,0.27,354
2018-12-21,SEA,0.0,355
2018-12-22,SEA,0.3,356
2018-12-23,SEA,0.72,357
2018-12-24,SEA,0.0,358
2018-12-25,SEA,0.02,359
2018-12-26,SEA,0.14,360
2018-12-27,SEA,0.01,361
2018-12-28,SEA,0.43,362
2018-12-29,SEA,0.63,363
2018-12-30,SEA,0.0,364
2018-12-31,SEA,0.0,365
2019-01-01,SEA,0.0,1
2019-01-02,SEA,0.04,2
2019-01-03,SEA,0.78,3
2019-01-04,SEA,0.08,4
2019-01-05,SEA,0.04,5
2019-01-06,SEA,0.4,6
2019-01-07,SEA,0.0,7
2019-01-08,SEA,0.15,8
2019-01-09,SEA,0.2,9
2019-01-10,SEA,0.26,10
2019-01-11,SEA,0.0,11
2019-01-12,SEA,0.0,12
2019-01-13,SEA,0.0,13
2019-01-14,SEA,0.0,14
2019-01-15,SEA,0.0,15
2019-01-16,SEA,0.0,16
2019-01-17,SEA,0.05,17
2019-01-18,SEA,0.41,18
2019-01-19,SEA,0.1,19
2019-01-20,SEA,0.0,20
2019-01-21,SEA,0.0,21
2019-01-22,SEA,0.85,22
2019-01-23,SEA,0.37,23
2019-01-24,SEA,0.09,24
2019-01-25,SEA,0.0,25
2019-01-26,SEA,0.0,26
2019-01-27,SEA,0.0,27
2019-01-28,SEA,0.0,28
2019-01-29,SEA,0.0,29
2019-01-30,SEA,0.0,30
2019-01-31,SEA,0.01,31
2019-02-01,SEA,0.68,32
2019-02-02,SEA,0.03,33
2019-02-03,SEA,0.09,34
2019-02-04,SEA,0.13,35
2019-02-05,SEA,0.0,36
2019-02-06,SEA,0.0,37
2019-02-07,SEA,0.0,38
2019-02-08,SEA,0.46,39
2019-02-09,SEA,0.16,40
2019-02-10,SEA,0.16,41
2019-02-11,SEA,1.22,42
2019-02-12,SEA,0.86,43
2019-02-13,SEA,0.02,44
2019-02-14,SEA,0.12,45
2019-02-15,SEA,0.0,46
2019-02-16,SEA,0.15,47
2019-02-17,SEA,0.0,48
2019-02-18,SEA,0.05,49
2019-02-19,SEA,0.13,50
2019-02-20,SEA,0.19,51
2019-02-21,SEA,0.0,52
2019-02-22,SEA,0.11,53
2019-02-23,SEA,0.05,54
2019-02-24,SEA,0.01,55
2019-02-25,SEA,0.0,56
2019-02-26,SEA,0.0,57
2019-02-27,SEA,0.0,58
2019-02-28,SEA,0.0,59
2019-03-01,SEA,0.0,60
2019-03-02,SEA,0.0,61
2019-03-03,SEA,0.0,62
2019-03-04,SEA,0.0,63
2019-03-05,SEA,0.0,64
2019-03-06,SEA,0.12,65
2019-03-07,SEA,0.21,66
2019-03-08,SEA,0.06,67
2019-03-09,SEA,0.0,68
2019-03-10,SEA,0.0,69
2019-03-11,SEA,0.28,70
2019-03-12,SEA,0.49,71
2019-03-13,SEA,0.0,72
2019-03-14,SEA,0.0,73
2019-03-15,SEA,0.0,74
2019-03-16,SEA,0.0,75
2019-03-17,SEA,0.0,76
2019-03-18,SEA,0.0,77
2019-03-19,SEA,0.0,78
2019-03-20,SEA,0.0,79
2019-03-21,SEA,0.0,80
2019-03-22,SEA,0.01,81
2019-03-23,SEA,0.0,82
2019-03-24,SEA,0.0,83
2019-03-25,SEA,0.16,84
2019-03-26,SEA,0.04,85
2019-03-27,SEA,0.0,86
2019-03-28,SEA,0.0,87
2019-03-29,SEA,0.0,88
2019-03-30,SEA,0.0,89
2019-03-31,SEA,0.0,90
2019-04-01,SEA,0.0,91
2019-04-02,SEA,0.0,92
2019-04-03,SEA,0.03,93
2019-04-04,SEA,0.06,94
2019-04-05,SEA,0.32,95
2019-04-06,SEA,0.26,96
2019-04-07,SEA,0.28,97
2019-04-08,SEA,0.05,98
2019-04-09,SEA,0.33,99
2019-04-10,SEA,0.28,100
2019-04-11,SEA,0.4,101
2019-04-12,SEA,0.65,102
2019-04-13,SEA,0.09,103
2019-04-14,SEA,0.01,104
2019-04-15,SEA,0.0,105
2019-04-16,SEA,0.21,106
2019-04-17,SEA,0.0,107
2019-04-18,SEA,0.13,108
2019-04-19,SEA,0.16,109
2019-04-20,SEA,0.0,110
2019-04-21,SEA,0.0,111
2019-04-22,SEA,0.13,112
2019-04-23,SEA,0.0,113
2019-04-24,SEA,0.0,114
2019-04-25,SEA,0.0,115
2019-04-26,SEA,0.0,116
2019-04-27,SEA,0.14,117
2019-04-28,SEA,0.0,118
2019-04-29,SEA,0.0,119
2019-04-30,SEA,0.0,120
2019-05-01,SEA,0.0,121
2019-05-02,SEA,0.0,122
2019-05-03,SEA,0.0,123
2019-05-04,SEA,0.0,124
2019-05-05,SEA,0.0,125
2019-05-06,SEA,0.0,126
2019-05-07,SEA,0.0,127
2019-05-08,SEA,0.0,128
2019-05-09,SEA,0.0,129
2019-05-10,SEA,0.0,130
2019-05-11,SEA,0.0,131
2019-05-12,SEA,0.0,132
2019-05-13,SEA,0.0,133
2019-05-14,SEA,0.16,134
2019-05-15,SEA,0.02,135
2019-05-16,SEA,0.13,136
2019-05-17,SEA,0.05,137
2019-05-18,SEA,0.0,138
2019-05-19,SEA,0.0,139
2019-05-20,SEA,0.05,140
2019-05-21,SEA,0.02,141
2019-05-22,SEA,0.0,142
2019-05-23,SEA,0.0,143
2019-05-24,SEA,0.0,144
2019-05-25,SEA,0.19,145
2019-05-26,SEA,0.0,146
2019-05-27,SEA,0.0,147
2019-05-28,SEA,0.0,148
2019-05-29,SEA,0.0,149
2019-05-30,SEA,0.0,150
2019-05-31,SEA,0.0,151
2019-06-01,SEA,0.0,152
2019-06-02,SEA,0.0,153
2019-06-03,SEA,0.0,154
2019-06-04,SEA,0.0,155
2019-06-05,SEA,0.0,156
2019-06-06,SEA,0.01,157
2019-06-07,SEA,0.1,158
2019-06-08,SEA,0.0,159
2019-06-09,SEA,0.0,160
2019-06-10,SEA,0.0,161
2019-06-11,SEA,0.0,162
2019-06-12,SEA,0.0,163
2019-06-13,SEA,0.0,164
2019-06-14,SEA,0.0,165
2019-06-15,SEA,0.0,166
2019-06-16,SEA,0.0,167
2019-06-17,SEA,0.0,168
2019-06-18,SEA,0.21,169
2019-06-19,SEA,0.08,170
2019-06-20,SEA,0.41,171
2019-06-21,SEA,0.0,172
2019-06-22,SEA,0.0,173
2019-06-23,SEA,0.0,174
2019-06-24,SEA,0.0,175
2019-06-25,SEA,0.0,176
2019-06-26,SEA,0.01,177
2019-06-27,SEA,0.08,178
2019-06-28,SEA,0.0,179
2019-06-29,SEA,0.0,180
2019-06-30,SEA,0.0,181
2019-07-01,SEA,0.0,182
2019-07-02,SEA,0.43,183
2019-07-03,SEA,0.0,184
2019-07-04,SEA,0.0,185
2019-07-05,SEA,0.0,186
2019-07-06,SEA,0.0,187
2019-07-07,SEA,0.0,188
2019-07-08,SEA,0.0,189
2019-07-09,SEA,0.17,190
2019-07-10,SEA,0.17,191
2019-07-11,SEA,0.0,192
2019-07-12,SEA,0.0,193
2019-07-13,SEA,0.0,194
2019-07-14,SEA,0.0,195
2019-07-15,SEA,0.02,196
2019-07-16,SEA,0.0,197
2019-07-17,SEA,0.13,198
2019-07-18,SEA,0.2,199
2019-07-19,SEA,0.03,200
2019-07-20,SEA,0.0,201
2019-07-21,SEA,0.0,202
2019-07-22,SEA,0.0,203
2019-07-23,SEA,0.0,204
2019-07-24,SEA,0.0,205
2019-07-25,SEA,0.0,206
2019-07-26,SEA,0.0,207
2019-07-27,SEA,0.0,208
2019-07-28,SEA,0.0,209
2019-07-29,SEA,0.0,210
2019-07-30,SEA,0.0,211
2019-07-31,SEA,0.0,212
2019-08-01,SEA,0.0,213
2019-08-02,SEA,0.37,214
2019-08-03,SEA,0.0,215
2019-08-04,SEA,0.0,216
2019-08-05,SEA,0.0,217
2019-08-06,SEA,0.0,218
2019-08-07,SEA,0.0,219
2019-08-08,SEA,0.0,220
2019-08-09,SEA,0.0,221
2019-08-10,SEA,0.38,222
2019-08-11,SEA,0.0,223
2019-08-12,SEA,0.0,224
2019-08-13,SEA,0.0,225
2019-08-14,SEA,0.0,226
2019-08-15,SEA,0.0,227
2019-08-16,SEA,0.0,228
2019-08-17,SEA,0.0,229
2019-08-18,SEA,0.0,230
2019-08-19,SEA,0.0,231
2019-08-20,SEA,0.0,232
2019-08-21,SEA,0.3,233
2019-08-22,SEA,0.08,234
2019-08-23,SEA,0.0,235
2019-08-24,SEA,0.0,236
2019-08-25,SEA,0.0,237
2019-08-26,SEA,0.0,238
2019-08-27,SEA,0.0,239
2019-08-28,SEA,0.0,240
2019-08-29,SEA,0.07,241
2019-08-30,SEA,0.0,242
2019-08-31,SEA,0.0,243
2019-09-01,SEA,0.0,244
2019-09-02,SEA,0.0,245
2019-09-03,SEA,0.0,246
2019-09-04,SEA,0.0,247
2019-09-05,SEA,0.0,248
2019-09-06,SEA,0.0,249
2019-09-07,SEA,0.59,250
2019-09-08,SEA,0.04,251
2019-09-09,SEA,0.29,252
2019-09-10,SEA,0.0,253
2019-09-11,SEA,0.0,254
2019-09-12,SEA,0.24,255
2019-09-13,SEA,0.0,256
2019-09-14,SEA,0.05,257
2019-09-15,SEA,0.44,258
2019-09-16,SEA,0.09,259
2019-09-17,SEA,0.65,260
2019-09-18,SEA,0.1,261
2019-09-19,SEA,0.04,262
2019-09-20,SEA,0.0,263
2019-09-21,SEA,0.0,264
2019-09-22,SEA,0.24,265
2019-09-23,SEA,0.12,266
2019-09-24,SEA,0.0,267
2019-09-25,SEA,0.0,268
2019-09-26,SEA,0.16,269
2019-09-27,SEA,0.14,270
2019-09-28,SEA,0.04,271
2019-09-29,SEA,0.09,272
2019-09-30,SEA,0.0,273
2019-10-01,SEA,0.0,274
2019-10-02,SEA,0.0,275
2019-10-03,SEA,0.02,276
2019-10-04,SEA,0.03,277
2019-10-05,SEA,0.0,278
2019-10-06,SEA,0.0,279
2019-10-07,SEA,0.05,280
2019-10-08,SEA,0.17,281
2019-10-09,SEA,0.0,282
2019-10-10,SEA,0.0,283
2019-10-11,SEA,0.0,284
2019-10-12,SEA,0.0,285
2019-10-13,SEA,0.0,286
2019-10-14,SEA,0.0,287
2019-10-15,SEA,0.0,288
2019-10-16,SEA,0.51,289
2019-10-17,SEA,0.15,290
2019-10-18,SEA,0.82,291
2019-10-19,SEA,0.96,292
2019-10-20,SEA,0.13,293
2019-10-21,SEA,0.39,294
2019-10-22,SEA,0.1,295
2019-10-23,SEA,0.0,296
2019-10-24,SEA,0.0,297
2019-10-25,SEA,0.34,298
2019-10-26,SEA,0.0,299
2019-10-27,SEA,0.0,300
2019-10-28,SEA,0.0,301
2019-10-29,SEA,0.0,302
2019-10-30,SEA,0.0,303
2019-10-31,SEA,0.0,304
2019-11-01,SEA,0.0,305
2019-11-02,SEA,0.0,306
2019-11-03,SEA,0.0,307
2019-11-04,SEA,0.0,308
2019-11-05,SEA,0.0,309
2019-11-06,SEA,0.0,310
2019-11-07,SEA,0.0,311
2019-11-08,SEA,0.0,312
2019-11-09,SEA,0.32,313
2019-11-10,SEA,0.0,314
2019-11-11,SEA,0.0,315
2019-11-12,SEA,0.25,316
2019-11-13,SEA,0.0,317
2019-11-14,SEA,0.0,318
2019-11-15,SEA,0.19,319
2019-11-16,SEA,0.01,320
2019-11-17,SEA,0.09,321
2019-11-18,SEA,0.26,322
2019-11-19,SEA,0.39,323
2019-11-20,SEA,0.0,324
2019-11-21,SEA,0.0,325
2019-11-22,SEA,0.0,326
2019-11-23,SEA,0.0,327
2019-11-24,SEA,0.11,328
2019-11-25,SEA,0.09,329
2019-11-26,SEA,0.0,330
2019-11-27,SEA,0.0,331
2019-11-28,SEA,0.0,332
2019-11-29,SEA,0.0,333
2019-11-30,SEA,0.0,334
2019-12-01,SEA,0.02,335
2019-12-02,SEA,0.0,336
2019-12-03,SEA,0.0,337
2019-12-04,SEA,0.03,338
2019-12-05,SEA,0.0,339
2019-12-06,SEA,0.0,340
2019-12-07,SEA,0.29,341
2019-12-08,SEA,0.03,342
2019-12-09,SEA,0.0,343
2019-12-10,SEA,0.13,344
2019-12-11,SEA,0.54,345
2019-12-12,SEA,0.23,346
2019-12-13,SEA,0.0,347
2019-12-14,SEA,0.08,348
2019-12-15,SEA,0.11,349
2019-12-16,SEA,0.0,350
2019-12-17,SEA,0.0,351
2019-12-18,SEA,0.3,352
2019-12-19,SEA,1.32,353
2019-12-20,SEA,3.25,354
2019-12-21,SEA,0.83,355
2019-12-22,SEA,0.14,356
2019-12-23,SEA,0.29,357
2019-12-24,SEA,0.0,358
2019-12-25,SEA,0.0,359
2019-12-26,SEA,0.05,360
2019-12-27,SEA,0.01,361
2019-12-28,SEA,0.0,362
2019-12-29,SEA,0.01,363
2019-12-30,SEA,0.04,364
2019-12-31,SEA,0.26,365
2020-01-01,SEA,0.0,1
2020-01-02,SEA,0.21,2
2020-01-03,SEA,0.39,3
2020-01-04,SEA,0.1,4
2020-01-05,SEA,0.14,5
2020-01-06,SEA,1.19,6
2020-01-07,SEA,0.28,7
2020-01-08,SEA,0.04,8
2020-01-09,SEA,0.06,9
2020-01-10,SEA,0.5,10
2020-01-11,SEA,0.09,11
2020-01-12,SEA,0.18,12
2020-01-13,SEA,0.09,13
2020-01-14,SEA,0.01,14
2020-01-15,SEA,0.01,15
2020-01-16,SEA,0.0,16
2020-01-17,SEA,0.02,17
2020-01-18,SEA,0.34,18
2020-01-19,SEA,0.03,19
2020-01-20,SEA,0.0,20
2020-01-21,SEA,0.52,21
2020-01-22,SEA,0.22,22
2020-01-23,SEA,0.99,23
2020-01-24,SEA,0.47,24
2020-01-25,SEA,0.16,25
2020-01-26,SEA,0.35,26
2020-01-27,SEA,0.61,27
2020-01-28,SEA,0.67,28
2020-01-29,SEA,0.37,29
2020-01-30,SEA,0.41,30
2020-01-31,SEA,0.78,31
2020-02-01,SEA,1.18,32
2020-02-02,SEA,0.0,33
2020-02-03,SEA,0.11,34
2020-02-04,SEA,0.11,35
2020-02-05,SEA,0.52,36
2020-02-06,SEA,0.83,37
2020-02-07,SEA,0.43,38
2020-02-08,SEA,0.04,39
2020-02-09,SEA,0.0,40
2020-02-10,SEA,0.0,41
2020-02-11,SEA,0.01,42
2020-02-12,SEA,0.07,43
2020-02-13,SEA,0.02,44
2020-02-14,SEA,0.11,45
2020-02-15,SEA,0.11,46
2020-02-16,SEA,0.0,47
2020-02-17,SEA,0.0,48
2020-02-18,SEA,0.0,49
2020-02-19,SEA,0.0,50
2020-02-20,SEA,0.0,51
2020-02-21,SEA,0.0,52
2020-02-22,SEA,0.07,53
2020-02-23,SEA,0.18,54
2020-02-24,SEA,0.0,55
2020-02-25,SEA,0.0,56
2020-02-26,SEA,0.05,57
2020-02-27,SEA,0.0,58
2020-02-28,SEA,0.09,59
2020-02-29,SEA,0.12,60
2020-03-01,SEA,0.0,61
2020-03-02,SEA,0.01,62
2020-03-03,SEA,0.18,63
2020-03-04,SEA,0.0,64
2020-03-05,SEA,0.23,65
2020-03-06,SEA,0.48,66
2020-03-07,SEA,0.04,67
2020-03-08,SEA,0.0,68
2020-03-09,SEA,0.0,69
2020-03-10,SEA,0.0,70
2020-03-11,SEA,0.07,71
2020-03-12,SEA,0.0,72
2020-03-13,SEA,0.38,73
2020-03-14,SEA,0.0,74
2020-03-15,SEA,0.0,75
2020-03-16,SEA,0.0,76
2020-03-17,SEA,0.0,77
2020-03-18,SEA,0.0,78
2020-03-19,SEA,0.0,79
2020-03-20,SEA,0.0,80
2020-03-21,SEA,0.0,81
2020-03-22,SEA,0.0,82
2020-03-23,SEA,0.1,83
2020-03-24,SEA,0.04,84
2020-03-25,SEA,0.18,85
2020-03-26,SEA,0.0,86
2020-03-27,SEA,0.02,87
2020-03-28,SEA,0.32,88
2020-03-29,SEA,0.58,89
2020-03-30,SEA,0.51,90
2020-03-31,SEA,0.03,91
2020-04-01,SEA,0.01,92
2020-04-02,SEA,0.0,93
2020-04-03,SEA,0.0,94
2020-04-04,SEA,0.0,95
2020-04-05,SEA,0.0,96
2020-04-06,SEA,0.0,97
2020-04-07,SEA,0.0,98
2020-04-08,SEA,0.0,99
2020-04-09,SEA,0.0,100
2020-04-10,SEA,0.0,101
2020-04-11,SEA,0.0,102
2020-04-12,SEA,0.0,103
2020-04-13,SEA,0.0,104
2020-04-14,SEA,0.0,105
2020-04-15,SEA,0.0,106
2020-04-16,SEA,0.0,107
2020-04-17,SEA,0.0,108
2020-04-18,SEA,0.05,109
2020-04-19,SEA,0.0,110
2020-04-20,SEA,0.0,111
2020-04-21,SEA,0.0,112
2020-04-22,SEA,0.5,113
2020-04-23,SEA,0.3,114
2020-04-24,SEA,0.0,115
2020-04-25,SEA,0.59,116
2020-04-26,SEA,0.12,117
2020-04-27,SEA,0.09,118
2020-04-28,SEA,0.0,119
2020-04-29,SEA,0.04,120
2020-04-30,SEA,0.0,121
2020-05-01,SEA,0.0,122
2020-05-02,SEA,0.24,123
2020-05-03,SEA,0.06,124
2020-05-04,SEA,0.0,125
2020-05-05,SEA,0.0,126
2020-05-06,SEA,0.11,127
2020-05-07,SEA,0.0,128
2020-05-08,SEA,0.0,129
2020-05-09,SEA,0.0,130
2020-05-10,SEA,0.0,131
2020-05-11,SEA,0.01,132
2020-05-12,SEA,0.05,133
2020-05-13,SEA,0.0,134
2020-05-14,SEA,0.11,135
2020-05-15,SEA,0.0,136
2020-05-16,SEA,0.54,137
2020-05-17,SEA,0.13,138
2020-05-18,SEA,0.0,139
2020-05-19,SEA,0.0,140
2020-05-20,SEA,0.03,141
2020-05-21,SEA,0.36,142
2020-05-22,SEA,0.05,143
2020-05-23,SEA,0.0,144
2020-05-24,SEA,0.0,145
2020-05-25,SEA,0.11,146
2020-05-26,SEA,0.0,147
2020-05-27,SEA,0.0,148
2020-05-28,SEA,0.0,149
2020-05-29,SEA,0.0,150
2020-05-30,SEA,1.14,151
2020-05-31,SEA,0.18,152
2020-06-01,SEA,0.0,153
2020-06-02,SEA,0.0,154
2020-06-03,SEA,0.0,155
2020-06-04,SEA,0.0,156
2020-06-05,SEA,0.0,157
2020-06-06,SEA,0.01,158
2020-06-07,SEA,0.02,159
2020-06-08,SEA,0.03,160
2020-06-09,SEA,0.45,161
2020-06-10,SEA,0.02,162
2020-06-11,SEA,0.12,163
2020-06-12,SEA,0.27,164
2020-06-13,SEA,0.11,165
2020-06-14,SEA,0.0,166
2020-06-15,SEA,0.18,167
2020-06-16,SEA,0.01,168
2020-06-17,SEA,0.0,169
2020-06-18,SEA,0.0,170
2020-06-19,SEA,0.0,171
2020-06-20,SEA,0.03,172
2020-06-21,SEA,0.0,173
2020-06-22,SEA,0.0,174
2020-06-23,SEA,0.0,175
2020-06-24,SEA,0.0,176
2020-06-25,SEA,0.0,177
2020-06-26,SEA,0.0,178
2020-06-27,SEA,0.56,179
2020-06-28,SEA,0.34,180
2020-06-29,SEA,0.0,181
2020-06-30,SEA,0.13,182
2020-07-01,SEA,0.01,183
2020-07-02,SEA,0.0,184
2020-07-03,SEA,0.0,185
2020-07-04,SEA,0.0,186
2020-07-05,SEA,0.0,187
2020-07-06,SEA,0.0,188
2020-07-07,SEA,0.0,189
2020-07-08,SEA,0.0,190
2020-07-09,SEA,0.01,191
2020-07-10,SEA,0.0,192
2020-07-11,SEA,0.0,193
2020-07-12,SEA,0.0,194
2020-07-13,SEA,0.0,195
2020-07-14,SEA,0.0,196
2020-07-15,SEA,0.0,197
2020-07-16,SEA,0.0,198
2020-07-17,SEA,0.13,199
2020-07-18,SEA,0.0,200
2020-07-19,SEA,0.0,201
2020-07-20,SEA,0.0,202
2020-07-21,SEA,0.0,203
2020-07-22,SEA,0.02,204
2020-07-23,SEA,0.0,205
2020-07-24,SEA,0.0,206
2020-07-25,SEA,0.0,207
2020-07-26,SEA,0.0,208
2020-07-27,SEA,0.0,209
2020-07-28,SEA,0.0,210
2020-07-29,SEA,0.0,211
2020-07-30,SEA,0.0,212
2020-07-31,SEA,0.0,213
2020-08-01,SEA,0.0,214
2020-08-02,SEA,0.0,215
2020-08-03,SEA,0.0,216
2020-08-04,SEA,0.0,217
2020-08-05,SEA,0.0,218
2020-08-06,SEA,0.08,219
2020-08-07,SEA,0.0,220
2020-08-08,SEA,0.01,221
2020-08-09,SEA,0.0,222
2020-08-10,SEA,0.0,223
2020-08-11,SEA,0.0,224
2020-08-12,SEA,0.0,225
2020-08-13,SEA,0.0,226
2020-08-14,SEA,0.0,227
2020-08-15,SEA,0.0,228
2020-08-16,SEA,0.0,229
2020-08-17,SEA,0.0,230
2020-08-18,SEA,0.0,231
2020-08-19,SEA,0.0,232
2020-08-20,SEA,0.08,233
2020-08-21,SEA,0.11,234
2020-08-22,SEA,0.01,235
2020-08-23,SEA,0.0,236
2020-08-24,SEA,0.0,237
2020-08-25,SEA,0.0,238
2020-08-26,SEA,0.0,239
2020-08-27,SEA,0.0,240
2020-08-28,SEA,0.0,241
2020-08-29,SEA,0.0,242
2020-08-30,SEA,0.0,243
2020-08-31,SEA,0.02,244
2020-09-01,SEA,0.0,245
2020-09-02,SEA,0.0,246
2020-09-03,SEA,0.0,247
2020-09-04,SEA,0.0,248
2020-09-05,SEA,0.0,249
2020-09-06,SEA,0.0,250
2020-09-07,SEA,0.0,251
2020-09-08,SEA,0.0,252
2020-09-09,SEA,0.0,253
2020-09-10,SEA,0.0,254
2020-09-11,SEA,0.0,255
2020-09-12,SEA,0.0,256
2020-09-13,SEA,0.0,257
2020-09-14,SEA,0.05,258
2020-09-15,SEA,0.01,259
2020-09-16,SEA,0.0,260
2020-09-17,SEA,0.0,261
2020-09-18,SEA,0.29,262
2020-09-19,SEA,0.04,263
2020-09-20,SEA,0.07,264
2020-09-21,SEA,0.0,265
2020-09-22,SEA,0.11,266
2020-09-23,SEA,1.08,267
2020-09-24,SEA,0.08,268
2020-09-25,SEA,0.75,269
2020-09-26,SEA,0.0,270
2020-09-27,SEA,0.0,271
2020-09-28,SEA,0.0,272
2020-09-29,SEA,0.0,273
2020-09-30,SEA,0.0,274
2020-10-01,SEA,0.0,275
2020-10-02,SEA,0.0,276
2020-10-03,SEA,0.0,277
2020-10-04,SEA,0.0,278
2020-10-05,SEA,0.0,279
2020-10-06,SEA,0.0,280
2020-10-07,SEA,0.0,281
2020-10-08,SEA,0.0,282
2020-10-09,SEA,0.52,283
2020-10-10,SEA,0.49,284
2020-10-11,SEA,0.61,285
2020-10-12,SEA,0.0,286
2020-10-13,SEA,0.57,287
2020-10-14,SEA,0.0,288
2020-10-15,SEA,0.0,289
2020-10-16,SEA,0.07,290
2020-10-17,SEA,0.03,291
2020-10-18,SEA,0.01,292
2020-10-19,SEA,0.06,293
2020-10-20,SEA,0.0,294
2020-10-21,SEA,0.05,295
2020-10-22,SEA,0.0,296
2020-10-23,SEA,0.11,297
2020-10-24,SEA,0.0,298
2020-10-25,SEA,0.0,299
2020-10-26,SEA,0.0,300
2020-10-27,SEA,0.0,301
2020-10-28,SEA,0.0,302
2020-10-29,SEA,0.02,303
2020-10-30,SEA,0.04,304
2020-10-31,SEA,0.0,305
2020-11-01,SEA,0.0,306
2020-11-02,SEA,0.0,307
2020-11-03,SEA,0.9,308
2020-11-04,SEA,0.18,309
2020-11-05,SEA,0.32,310
2020-11-06,SEA,0.0,311
2020-11-07,SEA,0.01,312
2020-11-08,SEA,0.0,313
2020-11-09,SEA,0.06,314
2020-11-10,SEA,0.04,315
2020-11-11,SEA,0.0,316
2020-11-12,SEA,0.38,317
2020-11-13,SEA,0.49,318
2020-11-14,SEA,0.56,319
2020-11-15,SEA,0.2,320
2020-11-16,SEA,0.49,321
2020-11-17,SEA,0.53,322
2020-11-18,SEA,0.39,323
2020-11-19,SEA,0.16,324
2020-11-20,SEA,0.01,325
2020-11-21,SEA,0.02,326
2020-11-22,SEA,0.11,327
2020-11-23,SEA,0.12,328
2020-11-24,SEA,0.13,329
2020-11-25,SEA,0.03,330
2020-11-26,SEA,0.0,331
2020-11-27,SEA,0.0,332
2020-11-28,SEA,0.02,333
2020-11-29,SEA,0.0,334
2020-11-30,SEA,0.43,335
2020-12-01,SEA,0.0,336
2020-12-02,SEA,0.0,337
2020-12-03,SEA,0.0,338
2020-12-04,SEA,0.0,339
2020-12-05,SEA,0.0,340
2020-12-06,SEA,0.03,341
2020-12-07,SEA,0.0,342
2020-12-08,SEA,0.73,343
2020-12-09,SEA,0.17,344
2020-12-10,SEA,0.04,345
2020-12-11,SEA,0.0,346
2020-12-12,SEA,0.0,347
2020-12-13,SEA,0.2,348
2020-12-14,SEA,0.1,349
2020-12-15,SEA,0.42,350
2020-12-16,SEA,0.49,351
2020-12-17,SEA,0.07,352
2020-12-18,SEA,0.19,353
2020-12-19,SEA,0.45,354
2020-12-20,SEA,0.06,355
2020-12-21,SEA,1.64,356
2020-12-22,SEA,0.0,357
2020-12-23,SEA,0.0,358
2020-12-24,SEA,0.0,359
2020-12-25,SEA,0.34,360
2020-12-26,SEA,0.11,361
2020-12-27,SEA,0.13,362
2020-12-28,SEA,0.0,363
2020-12-29,SEA,0.16,364
2020-12-30,SEA,0.97,365
2020-12-31,SEA,0.35,366
2021-01-01,SEA,0.42,1
2021-01-02,SEA,1.71,2
2021-01-03,SEA,0.44,3
2021-01-04,SEA,0.39,4
2021-01-05,SEA,0.66,5
2021-01-06,SEA,0.19,6
2021-01-07,SEA,0.0,7
2021-01-08,SEA,0.22,8
2021-01-09,SEA,0.0,9
2021-01-10,SEA,0.12,10
2021-01-11,SEA,0.97,11
2021-01-12,SEA,2.33,12
2021-01-13,SEA,0.08,13
2021-01-14,SEA,0.05,14
2021-01-15,SEA,0.11,15
2021-01-16,SEA,0.0,16
2021-01-17,SEA,0.04,17
2021-01-18,SEA,0.0,18
2021-01-19,SEA,0.0,19
2021-01-20,SEA,0.0,20
2021-01-21,SEA,0.04,21
2021-01-22,SEA,0.0,22
2021-01-23,SEA,0.0,23
2021-01-24,SEA,0.18,24
2021-01-25,SEA,0.0,25
2021-01-26,SEA,0.0,26
2021-01-27,SEA,0.12,27
2021-01-28,SEA,0.27,28
2021-01-29,SEA,0.07,29
2021-01-30,SEA,0.16,30
2021-01-31,SEA,0.18,31
2021-02-01,SEA,0.88,32
2021-02-02,SEA,0.61,33
2021-02-03,SEA,0.07,34
2021-02-04,SEA,0.01,35
2021-02-05,SEA,0.0,36
2021-02-06,SEA,0.0,37
2021-02-07,SEA,0.04,38
2021-02-08,SEA,0.0,39
2021-02-09,SEA,0.0,40
2021-02-10,SEA,0.0,41
2021-02-11,SEA,0.0,42
2021-02-12,SEA,0.14,43
2021-02-13,SEA,0.57,44
2021-02-14,SEA,0.31,45
2021-02-15,SEA,0.41,46
2021-02-16,SEA,0.0,47
2021-02-17,SEA,0.0,48
2021-02-18,SEA,0.08,49
2021-02-19,SEA,0.14,50
2021-02-20,SEA,0.0,51
2021-02-21,SEA,0.32,52
2021-02-22,SEA,0.35,53
2021-02-23,SEA,0.36,54
2021-02-24,SEA,0.01,55
2021-02-25,SEA,0.24,56
2021-02-26,SEA,0.13,57
2021-02-27,SEA,0.0,58
2021-02-28,SEA,0.01,59
2021-03-01,SEA,0.0,60
2021-03-02,SEA,0.0,61
2021-03-03,SEA,0.0,62
2021-03-04,SEA,0.3,63
2021-03-05,SEA,0.04,64
2021-03-06,SEA,0.01,65
2021-03-07,SEA,0.14,66
2021-03-08,SEA,0.0,67
2021-03-09,SEA,0.0,68
2021-03-10,SEA,0.0,69
2021-03-11,SEA,0.0,70
2021-03-12,SEA,0.0,71
2021-03-13,SEA,0.0,72
2021-03-14,SEA,0.29,73
2021-03-15,SEA,0.0,74
2021-03-16,SEA,0.0,75
2021-03-17,SEA,0.0,76
2021-03-18,SEA,0.14,77
2021-03-19,SEA,0.05,78
2021-03-20,SEA,0.25,79
2021-03-21,SEA,0.08,80
2021-03-22,SEA,0.08,81
2021-03-23,SEA,0.0,82
2021-03-24,SEA,0.35,83
2021-03-25,SEA,0.55,84
2021-03-26,SEA,0.0,85
2021-03-27,SEA,0.0,86
2021-03-28,SEA,0.33,87
2021-03-29,SEA,0.0,88
2021-03-30,SEA,0.0,89
2021-03-31,SEA,0.0,90
2021-04-01,SEA,0.0,91
2021-04-02,SEA,0.0,92
2021-04-03,SEA,0.0,93
2021-04-04,SEA,0.0,94
2021-04-05,SEA,0.0,95
2021-04-06,SEA,0.0,96
2021-04-07,SEA,0.23,97
2021-04-08,SEA,0.02,98
2021-04-09,SEA,0.01,99
2021-04-10,SEA,0.01,100
2021-04-11,SEA,0.0,101
2021-04-12,SEA,0.0,102
2021-04-13,SEA,0.0,103
2021-04-14,SEA,0.0,104
2021-04-15,SEA,0.0,105
2021-04-16,SEA,0.0,106
2021-04-17,SEA,0.0,107
2021-04-18,SEA,0.0,108
2021-04-19,SEA,0.0,109
2021-04-20,SEA,0.0,110
2021-04-21,SEA,0.0,111
2021-04-22,SEA,0.0,112
2021-04-23,SEA,0.04,113
2021-04-24,SEA,0.51,114
2021-04-25,SEA,0.1,115
2021-04-26,SEA,0.0,116
2021-04-27,SEA,0.0,117
2021-04-28,SEA,0.0,118
2021-04-29,SEA,0.0,119
2021-04-30,SEA,0.11,120
2021-05-01,SEA,0.03,121
2021-05-02,SEA,0.0,122
2021-05-03,SEA,0.25,123
2021-05-04,SEA,0.03,124
2021-05-05,SEA,0.0,125
2021-05-06,SEA,0.0,126
2021-05-07,SEA,0.0,127
2021-05-08,SEA,0.0,128
2021-05-09,SEA,0.1,129
2021-05-10,SEA,0.0,130
2021-05-11,SEA,0.0,131
2021-05-12,SEA,0.0,132
2021-05-13,SEA,0.0,133
2021-05-14,SEA,0.0,134
2021-05-15,SEA,0.0,135
2021-05-16,SEA,0.0,136
2021-05-17,SEA,0.07,137
2021-05-18,SEA,0.07,138
2021-05-19,SEA,0.0,139
2021-05-20,SEA,0.01,140
2021-05-21,SEA,0.0,141
2021-05-22,SEA,0.0,142
2021-05-23,SEA,0.0,143
2021-05-24,SEA,0.13,144
2021-05-25,SEA,0.0,145
2021-05-26,SEA,0.0,146
2021-05-27,SEA,0.43,147
2021-05-28,SEA,0.0,148
2021-05-29,SEA,0.0,149
2021-05-30,SEA,0.0,150
2021-05-31,SEA,0.0,151
2021-06-01,SEA,0.0,152
2021-06-02,SEA,0.0,153
2021-06-03,SEA,0.0,154
2021-06-04,SEA,0.0,155
2021-06-05,SEA,0.0,156
2021-06-06,SEA,0.35,157
2021-06-07,SEA,0.11,158
2021-06-08,SEA,0.01,159
2021-06-09,SEA,0.0,160
2021-06-10,SEA,0.0,161
2021-06-11,SEA,0.46,162
2021-06-12,SEA,0.13,163
2021-06-13,SEA,0.81,164
2021-06-14,SEA,0.04,165
2021-06-15,SEA,0.0,166
2021-06-16,SEA,0.0,167
2021-06-17,SEA,0.0,168
2021-06-18,SEA,0.0,169
2021-06-19,SEA,0.0,170
2021-06-20,SEA,0.0,171
2021-06-21,SEA,0.0,172
2021-06-22,SEA,0.0,173
2021-06-23,SEA,0.0,174
2021-06-24,SEA,0.0,175
2021-06-25,SEA,0.0,176
2021-06-26,SEA,0.0,177
2021-06-27,SEA,0.0,178
2021-06-28,SEA,0.0,179
2021-06-29,SEA,0.0,180
2021-06-30,SEA,0.0,181
2021-07-01,SEA,0.0,182
2021-07-02,SEA,0.0,183
2021-07-03,SEA,0.0,184
2021-07-04,SEA,0.0,185
2021-07-05,SEA,0.0,186
2021-07-06,SEA,0.0,187
2021-07-07,SEA,0.0,188
2021-07-08,SEA,0.0,189
2021-07-09,SEA,0.0,190
2021-07-10,SEA,0.0,191
2021-07-11,SEA,0.0,192
2021-07-12,SEA,0.0,193
2021-07-13,SEA,0.0,194
2021-07-14,SEA,0.0,195
2021-07-15,SEA,0.0,196
2021-07-16,SEA,0.0,197
2021-07-17,SEA,0.0,198
2021-07-18,SEA,0.0,199
2021-07-19,SEA,0.0,200
2021-07-20,SEA,0.0,201
2021-07-21,SEA,0.0,202
2021-07-22,SEA,0.0,203
2021-07-23,SEA,0.0,204
2021-07-24,SEA,0.0,205
2021-07-25,SEA,0.0,206
2021-07-26,SEA,0.0,207
2021-07-27,SEA,0.0,208
2021-07-28,SEA,0.0,209
2021-07-29,SEA,0.0,210
2021-07-30,SEA,0.0,211
2021-07-31,SEA,0.0,212
2021-08-01,SEA,0.0,213
2021-08-02,SEA,0.0,214
2021-08-03,SEA,0.0,215
2021-08-04,SEA,0.0,216
2021-08-05,SEA,0.05,217
2021-08-06,SEA,0.03,218
2021-08-07,SEA,0.0,219
2021-08-08,SEA,0.0,220
2021-08-09,SEA,0.0,221
2021-08-10,SEA,0.0,222
2021-08-11,SEA,0.0,223
2021-08-12,SEA,0.0,224
2021-08-13,SEA,0.0,225
2021-08-14,SEA,0.0,226
2021-08-15,SEA,0.0,227
2021-08-16,SEA,0.0,228
2021-08-17,SEA,0.0,229
2021-08-18,SEA,0.0,230
2021-08-19,SEA,0.0,231
2021-08-20,SEA,0.0,232
2021-08-21,SEA,0.0,233
2021-08-22,SEA,0.0,234
2021-08-23,SEA,0.0,235
2021-08-24,SEA,0.0,236
2021-08-25,SEA,0.0,237
2021-08-26,SEA,0.01,238
2021-08-27,SEA,0.02,239
2021-08-28,SEA,0.0,240
2021-08-29,SEA,0.0,241
2021-08-30,SEA,0.0,242
2021-08-31,SEA,0.0,243
2021-09-01,SEA,0.0,244
2021-09-02,SEA,0.0,245
2021-09-03,SEA,0.0,246
2021-09-04,SEA,0.0,247
2021-09-05,SEA,0.0,248
2021-09-06,SEA,0.0,249
2021-09-07,SEA,0.0,250
2021-09-08,SEA,0.0,251
2021-09-09,SEA,0.0,252
2021-09-10,SEA,0.0,253
2021-09-11,SEA,0.0,254
2021-09-12,SEA,0.02,255
2021-09-13,SEA,0.0,256
2021-09-14,SEA,0.0,257
2021-09-15,SEA,0.13,258
2021-09-16,SEA,0.0,259
2021-09-17,SEA,0.58,260
2021-09-18,SEA,0.81,261
2021-09-19,SEA,0.0,262
2021-09-20,SEA,0.0,263
2021-09-21,SEA,0.0,264
2021-09-22,SEA,0.01,265
2021-09-23,SEA,0.0,266
2021-09-24,SEA,0.0,267
2021-09-25,SEA,0.0,268
2021-09-26,SEA,0.48,269
2021-09-27,SEA,0.34,270
2021-09-28,SEA,0.05,271
2021-09-29,SEA,0.08,272
2021-09-30,SEA,0.52,273
2021-10-01,SEA,0.0,274
2021-10-02,SEA,0.0,275
2021-10-03,SEA,0.02,276
2021-10-04,SEA,0.0,277
2021-10-05,SEA,0.33,278
2021-10-06,SEA,0.03,279
2021-10-07,SEA,0.0,280
2021-10-08,SEA,0.0,281
2021-10-09,SEA,0.05,282
2021-10-10,SEA,0.46,283
2021-10-11,SEA,0.06,284
2021-10-12,SEA,0.09,285
2021-10-13,SEA,0.02,286
2021-10-14,SEA,0.09,287
2021-10-15,SEA,0.02,288
2021-10-16,SEA,0.0,289
2021-10-17,SEA,0.01,290
2021-10-18,SEA,0.0,291
2021-10-19,SEA,0.0,292
2021-10-20,SEA,0.29,293
2021-10-21,SEA,0.54,294
2021-10-22,SEA,0.06,295
2021-10-23,SEA,0.15,296
2021-10-24,SEA,0.32,297
2021-10-25,SEA,0.16,298
2021-10-26,SEA,0.38,299
2021-10-27,SEA,0.12,300
2021-10-28,SEA,1.99,301
2021-10-29,SEA,0.57,302
2021-10-30,SEA,0.0,303
2021-10-31,SEA,0.0,304
2021-11-01,SEA,0.14,305
2021-11-02,SEA,0.22,306
2021-11-03,SEA,0.52,307
2021-11-04,SEA,0.53,308
2021-11-05,SEA,0.1,309
2021-11-06,SEA,0.41,310
2021-11-07,SEA,0.5,311
2021-11-08,SEA,0.0,312
2021-11-09,SEA,0.63,313
2021-11-10,SEA,0.06,314
2021-11-11,SEA,1.26,315
2021-11-12,SEA,0.68,316
2021-11-13,SEA,0.94,317
2021-11-14,SEA,0.9,318
2021-11-15,SEA,0.2,319
2021-11-16,SEA,0.0,320
2021-11-17,SEA,0.0,321
2021-11-18,SEA,0.41,322
2021-11-19,SEA,0.28,323
2021-11-20,SEA,0.02,324
2021-11-21,SEA,0.0,325
2021-11-22,SEA,0.1,326
2021-11-23,SEA,0.5,327
2021-11-24,SEA,0.02,328
2021-11-25,SEA,0.69,329
2021-11-26,SEA,0.03,330
2021-11-27,SEA,0.91,331
2021-11-28,SEA,0.09,332
2021-11-29,SEA,0.0,333
2021-11-30,SEA,0.12,334
2021-12-01,SEA,0.0,335
2021-12-02,SEA,0.11,336
2021-12-03,SEA,0.0,337
2021-12-04,SEA,0.47,338
2021-12-05,SEA,0.0,339
2021-12-06,SEA,0.1,340
2021-12-07,SEA,0.07,341
2021-12-08,SEA,0.03,342
2021-12-09,SEA,0.0,343
2021-12-10,SEA,0.15,344
2021-12-11,SEA,0.48,345
2021-12-12,SEA,0.17,346
2021-12-13,SEA,0.13,347
2021-12-14,SEA,0.14,348
2021-12-15,SEA,0.08,349
2021-12-16,SEA,0.05,350
2021-12-17,SEA,0.18,351
2021-12-18,SEA,0.27249999999999996,352
2021-12-19,SEA,0.0,353
2021-12-20,SEA,0.26,354
2021-12-21,SEA,0.19,355
2021-12-22,SEA,0.43,356
2021-12-23,SEA,0.16,357
2021-12-24,SEA,0.33,358
2021-12-25,SEA,0.13,359
2021-12-26,SEA,0.26,360
2021-12-27,SEA,0.03,361
2021-12-28,SEA,0.1475,362
2021-12-29,SEA,0.13,363
2021-12-30,SEA,0.14,364
2021-12-31,SEA,0.0,365
2022-01-01,SEA,0.0,1
2022-01-02,SEA,0.79,2
2022-01-03,SEA,0.49,3
2022-01-04,SEA,0.22,4
2022-01-05,SEA,0.33,5
2022-01-06,SEA,2.0,6
2022-01-07,SEA,0.38,7
2022-01-08,SEA,0.0,8
2022-01-09,SEA,0.0,9
2022-01-10,SEA,0.27,10
2022-01-11,SEA,1.7,11
2022-01-12,SEA,0.14,12
2022-01-13,SEA,0.24,13
2022-01-14,SEA,0.0,14
2022-01-15,SEA,0.0,15
2022-01-16,SEA,0.0,16
2022-01-17,SEA,0.02,17
2022-01-18,SEA,0.03,18
2022-01-19,SEA,0.01,19
2022-01-20,SEA,0.16,20
2022-01-21,SEA,0.0,21
2022-01-22,SEA,0.0,22
2022-01-23,SEA,0.0,23
2022-01-24,SEA,0.0,24
2022-01-25,SEA,0.0,25
2022-01-26,SEA,0.0,26
2022-01-27,SEA,0.0,27
2022-01-28,SEA,0.0,28
2022-01-29,SEA,0.0,29
2022-01-30,SEA,0.28,30
2022-01-31,SEA,0.0,31
2022-02-01,SEA,0.0,32
2022-02-02,SEA,0.0,33
2022-02-03,SEA,0.14,34
2022-02-04,SEA,0.03,35
2022-02-05,SEA,0.04,36
2022-02-06,SEA,0.0,37
2022-02-07,SEA,0.0,38
2022-02-08,SEA,0.0,39
2022-02-09,SEA,0.0,40
2022-02-10,SEA,0.0,41
2022-02-11,SEA,0.0,42
2022-02-12,SEA,0.0,43
2022-02-13,SEA,0.0,44
2022-02-14,SEA,0.1,45
2022-02-15,SEA,0.0,46
2022-02-16,SEA,0.0,47
2022-02-17,SEA,0.0,48
2022-02-18,SEA,0.0,49
2022-02-19,SEA,0.01,50
2022-02-20,SEA,0.36,51
2022-02-21,SEA,0.06,52
2022-02-22,SEA,0.0,53
2022-02-23,SEA,0.0,54
2022-02-24,SEA,0.0,55
2022-02-25,SEA,0.0,56
2022-02-26,SEA,0.36,57
2022-02-27,SEA,1.25,58
2022-02-28,SEA,2.97,59
2022-03-01,SEA,0.15,60
2022-03-02,SEA,0.25,61
2022-03-03,SEA,0.16,62
2022-03-04,SEA,0.46,63
2022-03-05,SEA,0.0,64
2022-03-06,SEA,0.0,65
2022-03-07,SEA,0.0,66
2022-03-08,SEA,0.08,67
2022-03-09,SEA,0.0,68
2022-03-10,SEA,0.0,69
2022-03-11,SEA,0.0,70
2022-03-12,SEA,0.02,71
2022-03-13,SEA,0.1,72
2022-03-14,SEA,0.59,73
2022-03-15,SEA,0.22,74
2022-03-16,SEA,0.0,75
2022-03-17,SEA,0.02,76
2022-03-18,SEA,0.21,77
2022-03-19,SEA,0.31,78
2022-03-20,SEA,0.21,79
2022-03-21,SEA,0.41,80
2022-03-22,SEA,0.02,81
2022-03-23,SEA,0.09,82
2022-03-24,SEA,0.0,83
2022-03-25,SEA,0.0,84
2022-03-26,SEA,0.01,85
2022-03-27,SEA,0.0,86
2022-03-28,SEA,0.0,87
2022-03-29,SEA,0.0,88
2022-03-30,SEA,0.0,89
2022-03-31,SEA,0.01,90
2022-04-01,SEA,0.05,91
2022-04-02,SEA,0.0,92
2022-04-03,SEA,0.23,93
2022-04-04,SEA,0.55,94
2022-04-05,SEA,0.01,95
2022-04-06,SEA,0.0,96
2022-04-07,SEA,0.0,97
2022-04-08,SEA,0.06,98
2022-04-09,SEA,0.23,99
2022-04-10,SEA,0.05,100
2022-04-11,SEA,0.02,101
2022-04-12,SEA,0.01,102
2022-04-13,SEA,0.0,103
2022-04-14,SEA,0.13,104
2022-04-15,SEA,0.0,105
2022-04-16,SEA,0.01,106
2022-04-17,SEA,0.0,107
2022-04-18,SEA,0.23,108
2022-04-19,SEA,0.14,109
2022-04-20,SEA,0.08,110
2022-04-21,SEA,0.18,111
2022-04-22,SEA,0.01,112
2022-04-23,SEA,0.0,113
2022-04-24,SEA,0.0,114
2022-04-25,SEA,0.14,115
2022-04-26,SEA,0.05,116
2022-04-27,SEA,0.0,117
2022-04-28,SEA,0.0,118
2022-04-29,SEA,0.14,119
2022-04-30,SEA,0.39,120
2022-05-01,SEA,0.0,121
2022-05-02,SEA,0.37,122
2022-05-03,SEA,0.0,123
2022-05-04,SEA,0.0,124
2022-05-05,SEA,0.44,125
2022-05-06,SEA,0.64,126
2022-05-07,SEA,0.47,127
2022-05-08,SEA,0.02,128
2022-05-09,SEA,0.01,129
2022-05-10,SEA,0.0,130
2022-05-11,SEA,0.02,131
2022-05-12,SEA,0.29,132
2022-05-13,SEA,0.0,133
2022-05-14,SEA,0.03,134
2022-05-15,SEA,0.65,135
2022-05-16,SEA,0.0,136
2022-05-17,SEA,0.0,137
2022-05-18,SEA,0.24,138
2022-05-19,SEA,0.0,139
2022-05-20,SEA,0.0,140
2022-05-21,SEA,0.0,141
2022-05-22,SEA,0.0,142
2022-05-23,SEA,0.0,143
2022-05-24,SEA,0.0,144
2022-05-25,SEA,0.02,145
2022-05-26,SEA,0.24,146
2022-05-27,SEA,0.0,147
2022-05-28,SEA,0.15,148
2022-05-29,SEA,0.23,149
2022-05-30,SEA,0.0,150
2022-05-31,SEA,0.0,151
2022-06-01,SEA,0.0,152
2022-06-02,SEA,0.03,153
2022-06-03,SEA,0.17,154
2022-06-04,SEA,0.27,155
2022-06-05,SEA,0.56,156
2022-06-06,SEA,0.0,157
2022-06-07,SEA,0.0,158
2022-06-08,SEA,0.0,159
2022-06-09,SEA,1.1,160
2022-06-10,SEA,0.17,161
2022-06-11,SEA,0.01,162
2022-06-12,SEA,0.01,163
2022-06-13,SEA,0.11,164
2022-06-14,SEA,0.01,165
2022-06-15,SEA,0.0,166
2022-06-16,SEA,0.01,167
2022-06-17,SEA,0.16,168
2022-06-18,SEA,0.01,169
2022-06-19,SEA,0.0,170
2022-06-20,SEA,0.0,171
2022-06-21,SEA,0.0,172
2022-06-22,SEA,0.04,173
2022-06-23,SEA,0.0,174
2022-06-24,SEA,0.0,175
2022-06-25,SEA,0.0,176
2022-06-26,SEA,0.0,177
2022-06-27,SEA,0.0,178
2022-06-28,SEA,0.01,179
2022-06-29,SEA,0.0,180
2022-06-30,SEA,0.0,181
2022-07-01,SEA,0.0,182
2022-07-02,SEA,0.0,183
2022-07-03,SEA,0.09,184
2022-07-04,SEA,0.0,185
2022-07-05,SEA,0.02,186
2022-07-06,SEA,0.05,187
2022-07-07,SEA,0.0,188
2022-07-08,SEA,0.0,189
2022-07-09,SEA,0.0,190
2022-07-10,SEA,0.0,191
2022-07-11,SEA,0.0,192
2022-07-12,SEA,0.0,193
2022-07-13,SEA,0.0,194
2022-07-14,SEA,0.0,195
2022-07-15,SEA,0.0,196
2022-07-16,SEA,0.0,197
2022-07-17,SEA,0.01,198
2022-07-18,SEA,0.01,199
2022-07-19,SEA,0.0,200
2022-07-20,SEA,0.0,201
2022-07-21,SEA,0.0,202
2022-07-22,SEA,0.0,203
2022-07-23,SEA,0.0,204
2022-07-24,SEA,0.0,205
2022-07-25,SEA,0.0,206
2022-07-26,SEA,0.0,207
2022-07-27,SEA,0.0,208
2022-07-28,SEA,0.0,209
2022-07-29,SEA,0.0,210
2022-07-30,SEA,0.0,211
2022-07-31,SEA,0.0,212
2022-08-01,SEA,0.0,213
2022-08-02,SEA,0.0,214
2022-08-03,SEA,0.0,215
2022-08-04,SEA,0.0,216
2022-08-05,SEA,0.0,217
2022-08-06,SEA,0.0,218
2022-08-07,SEA,0.0,219
2022-08-08,SEA,0.0,220
2022-08-09,SEA,0.0,221
2022-08-10,SEA,0.03,222
2022-08-11,SEA,0.0,223
2022-08-12,SEA,0.0,224
2022-08-13,SEA,0.0,225
2022-08-14,SEA,0.0,226
2022-08-15,SEA,0.0,227
2022-08-16,SEA,0.0,228
2022-08-17,SEA,0.0,229
2022-08-18,SEA,0.0,230
2022-08-19,SEA,0.02,231
2022-08-20,SEA,0.0,232
2022-08-21,SEA,0.0,233
2022-08-22,SEA,0.0,234
2022-08-23,SEA,0.0,235
2022-08-24,SEA,0.0,236
2022-08-25,SEA,0.0,237
2022-08-26,SEA,0.0,238
2022-08-27,SEA,0.0,239
2022-08-28,SEA,0.0,240
2022-08-29,SEA,0.0,241
2022-08-30,SEA,0.0,242
2022-08-31,SEA,0.0,243
2022-09-01,SEA,0.0,244
2022-09-02,SEA,0.0,245
2022-09-03,SEA,0.06,246
2022-09-04,SEA,0.01,247
2022-09-05,SEA,0.0,248
2022-09-06,SEA,0.0,249
2022-09-07,SEA,0.0,250
2022-09-08,SEA,0.0,251
2022-09-09,SEA,0.0,252
2022-09-10,SEA,0.0,253
2022-09-11,SEA,0.0,254
2022-09-12,SEA,0.0,255
2022-09-13,SEA,0.0,256
2022-09-14,SEA,0.0,257
2022-09-15,SEA,0.0,258
2022-09-16,SEA,0.15,259
2022-09-17,SEA,0.0,260
2022-09-18,SEA,0.0,261
2022-09-19,SEA,0.0,262
2022-09-20,SEA,0.0,263
2022-09-21,SEA,0.0,264
2022-09-22,SEA,0.0,265
2022-09-23,SEA,0.0,266
2022-09-24,SEA,0.0,267
2022-09-25,SEA,0.0,268
2022-09-26,SEA,0.0,269
2022-09-27,SEA,0.0,270
2022-09-28,SEA,0.03,271
2022-09-29,SEA,0.0,272
2022-09-30,SEA,0.0,273
2022-10-01,SEA,0.0,274
2022-10-02,SEA,0.0,275
2022-10-03,SEA,0.0,276
2022-10-04,SEA,0.0,277
2022-10-05,SEA,0.0,278
2022-10-06,SEA,0.0,279
2022-10-07,SEA,0.0,280
2022-10-08,SEA,0.0,281
2022-10-09,SEA,0.0,282
2022-10-10,SEA,0.01,283
2022-10-11,SEA,0.0,284
2022-10-12,SEA,0.0,285
2022-10-13,SEA,0.0,286
2022-10-14,SEA,0.0,287
2022-10-15,SEA,0.0,288
2022-10-16,SEA,0.0,289
2022-10-17,SEA,0.0,290
2022-10-18,SEA,0.0,291
2022-10-19,SEA,0.0,292
2022-10-20,SEA,0.0,293
2022-10-21,SEA,0.31,294
2022-10-22,SEA,0.41,295
2022-10-23,SEA,0.0,296
2022-10-24,SEA,0.1,297
2022-10-25,SEA,0.47,298
2022-10-26,SEA,0.0,299
2022-10-27,SEA,0.0,300
2022-10-28,SEA,0.28,301
2022-10-29,SEA,0.0,302
2022-10-30,SEA,0.29,303
2022-10-31,SEA,0.64,304
2022-11-01,SEA,0.13,305
2022-11-02,SEA,0.05,306
2022-11-03,SEA,0.29,307
2022-11-04,SEA,0.21,308
2022-11-05,SEA,0.0,309
2022-11-06,SEA,0.76,310
2022-11-07,SEA,0.23,311
2022-11-08,SEA,0.0,312
2022-11-09,SEA,0.0,313
2022-11-10,SEA,0.0,314
2022-11-11,SEA,0.0,315
2022-11-12,SEA,0.0,316
2022-11-13,SEA,0.0,317
2022-11-14,SEA,0.0,318
2022-11-15,SEA,0.0,319
2022-11-16,SEA,0.0,320
2022-11-17,SEA,0.0,321
2022-11-18,SEA,0.0,322
2022-11-19,SEA,0.0,323
2022-11-20,SEA,0.0,324
2022-11-21,SEA,0.0,325
2022-11-22,SEA,1.2,326
2022-11-23,SEA,0.0,327
2022-11-24,SEA,0.0,328
2022-11-25,SEA,0.66,329
2022-11-26,SEA,0.16,330
2022-11-27,SEA,0.17,331
2022-11-28,SEA,0.02,332
2022-11-29,SEA,1.05,333
2022-11-30,SEA,0.56,334
2022-12-01,SEA,0.02,335
2022-12-02,SEA,0.2,336
2022-12-03,SEA,0.32,337
2022-12-04,SEA,0.31,338
2022-12-05,SEA,0.0,339
2022-12-06,SEA,0.04,340
2022-12-07,SEA,0.01,341
2022-12-08,SEA,0.1,342
2022-12-09,SEA,0.71,343
2022-12-10,SEA,0.3,344
2022-12-11,SEA,0.04,345
2022-12-12,SEA,0.18,346
2022-12-13,SEA,0.0,347
2022-12-14,SEA,0.0,348
2022-12-15,SEA,0.0,349
2022-12-16,SEA,0.0,350
2022-12-17,SEA,0.14,351
2022-12-18,SEA,0.02,352
2022-12-19,SEA,0.04,353
2022-12-20,SEA,0.66,354
2022-12-21,SEA,0.0,355
2022-12-22,SEA,0.0,356
2022-12-23,SEA,0.35,357
2022-12-24,SEA,1.52,358
2022-12-25,SEA,0.45,359
2022-12-26,SEA,1.12,360
2022-12-27,SEA,0.27,361
2022-12-28,SEA,0.03,362
2022-12-29,SEA,0.35,363
2022-12-30,SEA,0.36,364
2022-12-31,SEA,0.01,365
